FIPS,POPULATION
01001,59285
01001,239945
01001,24757
01001,22152
01001,59292
01001,10157
01001,18807
01001,116141
01001,34450
01001,25224
01001,45500
01001,12525
01001,22802
01001,14188
01001,15254
01001,54231
01001,57648
01001,11411
01001,10323
01001,37647
01001,13144
01001,89463
01001,49516
01001,37536
01001,71946
01001,88669
01001,36695
01001,103208
01001,16173
01001,31978
01001,26726
01001,7589
01001,14749
01001,17450
01001,107628
01001,52839
01001,669744
01001,13809
01001,95037
01001,33182
01001,177663
01001,107577
01001,10008
01001,18951
01001,397135
01001,19027
01001,29190
01001,98712
01001,413162
01001,19580
01001,227197
01001,123742
01001,8231
01001,18843
01001,32953
01001,22310
01001,58858
01001,92903
01001,226955
01001,12020
01001,81170
01001,41070
01001,234036
01001,64886
01001,15270
01001,10347
01001,23637
01001,3423
01001,5178
01001,289069
01001,18487
01001,878
01001,6964
01001,2626
01001,2029
01001,4780
01001,95555
01001,2077
01001,2313
01001,31969
01001,59843
01001,13870
01001,12878
01001,8277
01001,1007
01001,110677
01001,9925
01001,10891
01001,7611
01001,3394
01001,5730
01001,8393
01001,1308
01001,6936
01001,2106
01001,506
01001,5271
01001,65680
01001,125458
01001,144643
01001,53610
01001,38860
01001,9452
01001,16605
01001,4491987
01001,217420
01001,107744
01001,1049947
01001,449219
01001,48209
01001,241656
01001,207685
01001,16773
01001,18722
01001,42150
01001,294541
01001,37896
01001,10354
01001,4717
01001,28526
01001,9997
01001,21378
01001,14399
01001,25048
01001,7491
01001,22527
01001,20872
01001,112097
01001,60792
01001,47609
01001,16681
01001,6351
01001,11041
01001,17143
01001,126001
01001,17220
01001,12239
01001,100062
01001,18111
01001,46182
01001,19778
01001,33142
01001,12701
01001,38120
01001,13866
01001,16775
01001,65780
01001,25932
01001,6211
01001,16265
01001,8511
01001,12966
01001,11959
01001,21240
01001,74747
01001,17032
01001,17076
01001,42588
01001,39749
01001,6681
01001,8571
01001,8228
01001,7175
01001,22317
01001,10073
01001,15910
01001,10182
01001,22740
01001,19348
01001,63830
01001,8162
01001,398949
01001,18733
01001,22740
01001,125724
01001,9839
01001,7861
01001,128448
01001,15797
01001,17597
01001,12474
01001,38368
01001,15936
01001,251863
01001,77395
01001,6157
01001,20195
01001,1651949
01001,1695
01001,41029
01001,209470
01001,45995
01001,21895
01001,1161458
01001,27293
01001,192299
01001,1012152
01001,28623
01001,135418
01001,179319
01001,18803
01001,910433
01001,152830
01001,68139
01001,31177
01001,9848406
01001,158790
01001,258765
01001,17060
01001,90709
01001,285597
01001,8646
01001,13169
01001,435834
01001,136070
01001,102452
01001,3164063
01001,412435
01001,19607
01001,2449909
01001,1584047
01001,66056
01001,2187816
01001,3282782
01001,836321
01001,787416
01001,281486
01001,745100
01001,443975
01001,1903297
01001,266021
01001,181554
01001,2731
01001,43834
01001,450824
01001,485642
01001,552250
01001,98971
01001,65520
01001,15886
01001,475774
01001,54873
01001,838259
01001,217782
01001,83079
01001,524408
01001,16515
01001,655709
01001,13730
01001,3460
01001,5524
01001,328317
01001,75110
01001,19876
01001,1732
01001,9358
01001,7536
01001,3571
01001,5734
01001,5073
01001,31353
01001,713734
01001,2385
01001,368283
01001,55374
01001,27152
01001,736008
01001,49394
01001,62034
01001,5877
01001,15794
01001,17158
01001,939
01001,6946
01001,1422
01001,579715
01001,1356
01001,7015
01001,7411
01001,56088
01001,363561
01001,14392
01001,5561
01001,21067
01001,157316
01001,799
01001,13258
01001,26204
01001,43272
01001,29186
01001,18460
01001,5024
01001,17739
01001,4491
01001,17119
01001,11931
01001,168726
01001,6518
01001,11394
01001,24990
01001,6511
01001,690
01001,8026
01001,2346
01001,30857
01001,24774
01001,4839
01001,340711
01001,9921
01001,969029
01001,326296
01001,174983
01001,452303
01001,95829
01001,112848
01001,566803
01001,279025
01001,621232
01001,185043
01001,573030
01001,247799
01001,672079
01001,281751
01001,28186
01001,181368
01001,27888
01001,620533
01001,1946127
01001,13593
01001,195083
01001,158693
01001,223436
01001,387681
01001,70755
01001,34719
01001,16952
01001,1007189
01001,323275
01001,121710
01001,12418
01001,43642
01001,18494
01001,12324
01001,14772
01001,13445
01001,25508
01001,40798
01001,201512
01001,103808
01001,1489634
01001,19626
01001,163856
01001,47652
01001,14713
01001,8035
01001,398696
01001,792692
01001,295335
01001,44276
01001,7650
01001,18113
01001,416020
01001,387697
01001,160464
01001,2685296
01001,81840
01001,94653
01001,214281
01001,40249
01001,1440471
01001,406943
01001,1507453
01001,588758
01001,960565
01001,760961
01001,74235
01001,292243
01001,346237
01001,193719
01001,449011
01001,474912
01001,137536
01001,44484
01001,21422
01001,15551
01001,568229
01001,34608
01001,79846
01001,25259
01001,18426
01001,8261
01001,11129
01001,2830
01001,43669
01001,18757
01001,86982
01001,111153
01001,17138
01001,18257
01001,156543
01001,12414
01001,18171
01001,16285
01001,46681
01001,81372
01001,24427
01001,26074
01001,5528
01001,56036
01001,10972
01001,122187
01001,68356
01001,12711
01001,298143
01001,9181
01001,24975
01001,274539
01001,129267
01001,2853
01001,298771
01001,6722
01001,769152
01001,43161
01001,45907
01001,159638
01001,17363
01001,150071
01001,12183
01001,19995
01001,16196
01001,28704
01001,29118
01001,762105
01001,19909
01001,11026
01001,83915
01001,146141
01001,10683
01001,3705
01001,67265
01001,19725
01001,22961
01001,10740
01001,25605
01001,120689
01001,98985
01001,260062
01001,23840
01001,1068507
01001,31976
01001,2913
01001,84987
01001,58336
01001,26056
01001,19586
01001,966972
01001,46948
01001,208395
01001,8630
01001,30720
01001,35509
01001,26484
01001,11616
01001,245417
01001,166902
01001,9385
01001,80640
01001,15345
01001,14838
01001,15468
01001,8674
01001,9192
01001,28526
01001,19098
01001,10094
01001,49619
01001,33337
01001,66826
01001,7773
01001,17512
01001,119055
01001,33931
01001,21687
01001,11187
01001,11953
01001,30914
01001,7474
01001,20757
01001,5873
01001,21441
01001,28919
01001,8675
01001,20614
01001,40282
01001,204383
01001,115530
01001,42788
01001,15221
01001,174292
01001,28269
01001,34197
01001,19996
01001,19540
01001,43365
01001,9893
01001,22524
01001,2092
01001,17107
01001,6270
01001,206040
01001,94293
01001,4539
01001,14057
01001,9117
01001,68215
01001,26842
01001,4978
01001,29174
01001,5753
01001,1740
01001,24215
01001,7786
01001,12174
01001,8941
01001,45696
01001,41322
01001,26943
01001,12739
01001,6387
01001,69821
01001,8915
01001,7869
01001,25598
01001,27856
01001,68449
01001,100361
01001,35958
01001,5175
01001,19893
01001,30519
01001,2348
01001,7434
01001,28454
01001,103118
01001,8784
01001,9553
01001,8795
01001,20575
01001,203684
01001,1003666
01001,43
01001,73610
01001,164632
01001,508052
01001,4599
01001,88457
01001,6552
01001,9913
01001,48993
01001,24579
01001,8045
01001,49456
01001,127056
01001,12695
01001,2654
01001,1155
01001,242405
01001,7118
01001,25165
01001,776
01001,8921
01001,4411
01001,29046
01001,14715
01001,13701
01001,19854
01001,15740
01001,17120
01001,32234
01001,24788
01001,177736
01001,40315
01001,8166
01001,3649
01001,5276
01001,53578
01001,21922
01001,42477
01001,4681
01001,12284
01001,26190
01001,8018
01001,13580
01001,12101
01001,92121
01001,12136
01001,10866
01001,65166
01001,5042
01001,16627
01001,53316
01001,6320
01001,33027
01001,4406
01001,15621
01001,12826
01001,206098
01001,33684
01001,15328
01001,13173
01001,36899
01001,46689
01001,5185812
01001,18588
01001,10378
01001,100512
01001,15461
01001,19686
01001,927263
01001,16637
01001,6118
01001,34505
01001,21380
01001,13396
01001,37541
01001,33259
01001,4857
01001,11837
01001,52920
01001,7972
01001,17434
01001,3623
01001,6284
01001,48948
01001,26746
01001,52706
01001,9233
01001,36808
01001,21336
01001,21918
01001,13350
01001,516097
01001,106833
01001,135053
01001,49294
01001,711885
01001,109049
01001,15137
01001,34058
01001,35659
01001,27870
01001,27102
01001,311366
01001,170882
01001,102591
01001,44566
01001,264631
01001,37294
01001,11715
01001,12878
01001,13958
01001,12169
01001,15619
01001,34969
01001,28078
01001,32621
01001,14469
01001,51536
01001,179831
01001,20810
01001,16702
01001,14625
01001,3757
01001,5074
01001,5600
01001,30142
01001,15675
01001,142995
01001,254777
01001,23387
01001,195217
01001,6826
01001,4847
01001,20867
01001,5324
01001,44042
01001,130555
01001,16972
01001,73179
01001,11199
01001,16576
01001,13682
01001,15994
01001,13708
01001,55192
01001,698450
01001,66902
01001,283289
01001,38348
01001,35995
01001,388791
01001,82881
01001,8708
01001,12007
01001,72827
01001,15543
01001,20443
01001,37703
01001,122800
01001,26431
01001,32967
01001,10494
01001,33442
01001,50828
01001,26411
01001,43584
01001,112109
01001,43563
01001,206868
01001,23390
01001,80512
01001,16546
01001,22929
01001,20411
01001,32986
01001,66377
01001,30954
01001,357176
01001,82013
01001,39785
01001,179379
01001,48896
01001,83610
01001,36757
01001,46319
01001,33198
01001,20281
01001,33074
01001,27584
01001,163983
01001,36108
01001,80357
01001,40596
01001,498990
01001,112141
01001,45077
01001,130949
01001,971822
01001,46225
01001,9854
01001,35772
01001,139822
01001,38155
01001,72202
01001,13859
01001,47417
01001,5993
01001,19746
01001,21434
01001,16346
01001,19218
01001,12187
01001,174150
01001,25163
01001,12441
01001,37091
01001,24425
01001,29039
01001,16734
01001,272574
01001,24468
01001,45104
01001,19871
01001,23300
01001,34648
01001,20766
01001,9914
01001,187399
01001,15329
01001,7028
01001,179908
01001,15452
01001,106201
01001,30901
01001,8469
01001,64650
01001,28167
01001,66377
01001,28261
01001,24709
01001,34388
01001,7471
01001,3641
01001,14038
01001,12242
01001,5622
01001,25698
01001,130693
01001,26669
01001,25118
01001,20645
01001,20684
01001,14301
01001,9858
01001,20677
01001,13115
01001,18427
01001,42785
01001,11587
01001,11868
01001,9690
01001,16446
01001,17069
01001,46383
01001,16289
01001,104136
01001,9127
01001,7669
01001,17549
01001,38597
01001,17844
01001,98948
01001,9316
01001,19393
01001,15502
01001,9977
01001,6570
01001,8722
01001,12352
01001,10646
01001,14893
01001,10718
01001,16729
01001,14645
01001,20228
01001,9459
01001,9573
01001,6944
01001,16547
01001,19429
01001,37864
01001,15676
01001,154881
01001,20799
01001,9964
01001,14610
01001,33175
01001,229463
01001,10710
01001,8685
01001,12087
01001,16760
01001,22045
01001,33551
01001,39971
01001,14563
01001,10548
01001,8619
01001,7546
01001,10254
01001,42735
01001,14103
01001,6114
01001,15168
01001,8902
01001,25699
01001,7040
01001,497441
01001,93407
01001,18582
01001,4664
01001,9759
01001,174302
01001,11757
01001,35984
01001,98592
01001,16982
01001,5901
01001,12038
01001,7236
01001,35265
01001,53484
01001,22539
01001,6518
01001,36848
01001,10648
01001,19972
01001,105760
01001,7380
01001,12817
01001,12491
01001,7819
01001,16211
01001,4153
01001,25275
01001,14384
01001,9415
01001,67916
01001,2579
01001,3370
01001,19236
01001,2628
01001,1987
01001,8071
01001,8973
01001,8304
01001,1685
01001,34487
01001,38963
01001,2746
01001,18423
01001,7492
01001,119547
01001,2817
01001,2464
01001,28870
01001,6366
01001,38001
01001,34133
01001,25994
01001,35895
01001,2796
01001,2406
01001,7284
01001,5696
01001,1296
01001,5956
01001,2485
01001,5446
01001,33823
01001,3695
01001,1676
01001,13277
01001,18391
01001,2909
01001,614764
01001,3910
01001,7284
01001,2422
01001,19949
01001,1497
01001,82493
01001,2924
01001,9723
01001,2720
01001,32145
01001,30130
01001,11795
01001,10001
01001,3949
01001,34625
01001,5767
01001,31143
01001,5388
01001,2647
01001,10213
01001,15715
01001,2659
01001,5392
01001,15780
01001,3473
01001,5782
01001,6220
01001,4874
01001,25808
01001,9120
01001,2533
01001,61693
01001,4662
01001,9389
01001,71710
01001,4869
01001,2957
01001,6717
01001,53801
01001,5071
01001,524810
01001,21640
01001,178315
01001,2442
01001,5919
01001,3579
01001,4004
01001,2018
01001,5212
01001,22386
01001,7913
01001,2778
01001,6961
01001,1459
01001,5519
01001,2115
01001,8559
01001,3118
01001,167277
01001,19016
01001,21029
01001,24098
01001,7678
01001,44670
01001,12812
01001,23878
01001,137676
01001,20174
01001,48043
01001,30708
01001,8427
01001,13438
01001,20722
01001,83209
01001,12373
01001,12631
01001,37882
01001,93193
01001,4763
01001,10878
01001,26515
01001,15951
01001,72599
01001,37004
01001,20105
01001,9240
01001,8972
01001,5948
01001,103195
01001,12243
01001,7336
01001,14079
01001,321122
01001,15221
01001,35342
01001,51563
01001,6440
01001,8749
01001,17346
01001,25238
01001,36612
01001,26586
01001,11278
01001,35639
01001,9032
01001,111452
01001,26185
01001,18971
01001,19470
01001,44493
01001,15774
01001,4470
01001,45143
01001,13003
01001,777392
01001,53792
01001,22464
01001,169817
01001,14046
01001,30034
01001,15028
01001,62731
01001,16171
01001,7375
01001,10261
01001,21146
01001,13028
01001,24415
01001,8941
01001,27731
01001,8831
01001,67584
01001,16905
01001,9127
01001,94064
01001,11495
01001,19680
01001,31728
01001,11181
01001,16995
01001,30032
01001,6203
01001,22824
01001,10372
01001,11318
01001,28271
01001,13938
01001,30712
01001,47102
01001,7655
01001,23704
01001,68600
01001,11270
01001,4021
01001,14683
01001,27847
01001,57466
01001,13057
01001,65503
01001,2239
01001,16144
01001,24525
01001,18117
01001,58269
01001,48599
01001,19786
01001,19875
01001,26205
01001,12330
01001,14211
01001,8531
01001,13379
01001,137549
01001,12091
01001,19592
01001,12873
01001,36755
01001,6484
01001,27017
01001,57218
01001,22552
01001,128593
01001,20720
01001,39176
01001,36646
01001,12769
01001,129134
01001,232973
01001,208668
01001,9563
01001,5222
01001,8738
01001,14019
01001,18325
01001,26897
01001,452821
01001,7195
01001,19378
01001,32162
01001,19590
01001,22123
01001,69194
01001,29950
01001,14939
01001,432484
01001,32083
01001,245075
01001,96670
01001,14804
01001,48160
01001,145583
01001,9757
01001,24967
01001,37047
01001,376035
01001,158916
01001,23070
01001,20438
01001,128470
01001,7529
01001,19908
01001,22085
01001,44172
01001,51863
01001,10849
01001,19797
01001,41342
01001,82128
01001,51559
01001,48455
01001,269331
01001,135218
01001,3992
01001,107362
01001,20914
01001,57031
01001,47764
01001,45238
01001,36189
01001,27666
01001,9622
01001,15381
01001,13506
01001,112323
01001,67227
01001,305940
01001,30145
01001,56084
01001,125614
01001,40860
01001,35840
01001,58728
01001,153571
01001,17125
01001,37093
01001,50852
01001,40006
01001,31261
01001,214731
01001,67762
01001,590936
01001,849586
01001,93791
01001,33406
01001,174318
01001,104366
01001,168710
01001,32612
01001,280341
01001,28713
01001,262509
01001,333916
01001,19265
01001,1057586
01001,955584
01001,50951
01001,114372
01001,24685
01001,37707
01001,155033
01001,104117
01001,53279
01001,577193
01001,230073
01001,128047
01001,578436
01001,20751
01001,807258
01001,70922
01001,462853
01001,156595
01001,1622896
01001,14299
01001,724540
01001,531889
01001,782172
01001,861664
01001,10310
01001,8813
01001,120913
01001,28908
01001,23876
01001,15054
01001,8249
01001,62982
01001,103235
01001,18177
01001,153411
01001,44914
01001,133846
01001,51606
01001,26143
01001,25778
01001,36448
01001,31109
01001,79419
01001,13271
01001,36829
01001,25940
01001,109000
01001,34159
01001,404087
01001,25543
01001,14348
01001,95757
01001,41478
01001,45658
01001,37428
01001,31258
01001,282015
01001,66706
01001,25333
01001,11650
01001,64475
01001,160187
01001,261437
01001,18116
01001,658844
01001,2106
01001,12393
01001,88703
01001,22607
01001,98823
01001,195143
01001,6325
01001,10865
01001,877624
01001,25247
01001,66430
01001,29177
01001,40321
01001,23295
01001,83641
01001,15156
01001,155001
01001,67174
01001,9372
01001,175378
01001,50414
01001,1272294
01001,26788
01001,20853
01001,5870
01001,23122
01001,8338
01001,25352
01001,298614
01001,13142
01001,23639
01001,189210
01001,160089
01001,60870
01001,40574
01001,8093
01001,68061
01001,53071
01001,75681
01001,368394
01001,1773767
01001,33868
01001,15930
01001,367095
01001,35260
01001,46421
01001,41458
01001,5152
01001,69386
01001,25826
01001,36457
01001,108622
01001,30688
01001,12388
01001,57434
01001,65628
01001,8579
01001,5633
01001,11458
01001,67113
01001,442204
01001,20962
01001,39354
01001,13909
01001,21346
01001,30752
01001,47844
01001,6108
01001,1268903
01001,18768
01001,21700
01001,41934
01001,45141
01001,9964
01001,16261
01001,43757
01001,4163
01001,11950
01001,6694
01001,10911
01001,3800
01001,28936
01001,5594
01001,25498
01001,36771
01001,5371
01001,8961
01001,19864
01001,23422
01001,26912
01001,34131
01001,40069
01001,8119
01001,34350
01001,22067
01001,6411
01001,163425
01001,60281
01001,13877
01001,29411
01001,9352
01001,30905
01001,11363
01001,544438
01001,3922
01001,15383
01001,14587
01001,67389
01001,9628
01001,15301
01001,200056
01001,152957
01001,99178
01001,14933
01001,159358
01001,37413
01001,9686
01001,9787
01001,25402
01001,3279
01001,21519
01001,14135
01001,18958
01001,272298
01001,11169
01001,6413
01001,49705
01001,145270
01001,9509
01001,29098
01001,34500
01001,12611
01001,17685
01001,7592
01001,30163
01001,13029
01001,9828
01001,16994
01001,8172
01001,8908
01001,15424
01001,18462
01001,20808
01001,27994
01001,18226
01001,188598
01001,78027
01001,7655
01001,24870
01001,13595
01001,21342
01001,46057
01001,209443
01001,222494
01001,16491
01001,7570
01001,1095
01001,23942
01001,144437
01001,16211
01001,7127
01001,11183
01001,66839
01001,8855
01001,56920
01001,65081
01001,71984
01001,11883
01001,21288
01001,83138
01001,27432
01001,34830
01001,58187
01001,110303
01001,24303
01001,33899
01001,33928
01001,9708
01001,28927
01001,21151
01001,10136
01001,51473
01001,32965
01001,56781
01001,11459
01001,39930
01001,31312
01001,24999
01001,5908
01001,158218
01001,27754
01001,3848
01001,25817
01001,14193
01001,18515
01001,25328
01001,12363
01001,28135
01001,21621
01001,18738
01001,9586
01001,28009
01001,13864
01001,43623
01001,43674
01001,19699
01001,9942
01001,8376
01001,17609
01001,12439
01001,26837
01001,25224
01001,18086
01001,5216
01001,24688
01001,34831
01001,11685
01001,16121
01001,19887
01001,10591
01001,185874
01001,83855
01001,42166
01001,8890
01001,44541
01001,43416
01001,82180
01001,8459
01001,5269
01001,109393
01001,14440
01001,7406
01001,91229
01001,6680
01001,255566
01001,21259
01001,76924
01001,16835
01001,22890
01001,7627
01001,17344
01001,8449
01001,11176
01001,14506
01001,11850
01001,27795
01001,105316
01001,14774
01001,6224
01001,301121
01001,9822
01001,8198
01001,22194
01001,8501
01001,4254
01001,10141
01001,40168
01001,9482
01001,717021
01001,123532
01001,228227
01001,54331
01001,3760
01001,36245
01001,32974
01001,38392
01001,9945
01001,61636
01001,11850
01001,14330
01001,23492
01001,15163
01001,12665
01001,8435
01001,28493
01001,3501
01001,25081
01001,12079
01001,15303
01001,8672
01001,11422
01001,21430
01001,16041
01001,59490
01001,20959
01001,8704
01001,13379
01001,8773
01001,15232
01001,18947
01001,43205
01001,44948
01001,17623
01001,108751
01001,32109
01001,53850
01001,4675
01001,10394
01001,24524
01001,23149
01001,6058
01001,10755
01001,409830
01001,9451
01001,18551
01001,66864
01001,996618
01001,23177
01001,4044
01001,4698
01001,37967
01001,7137
01001,6011
01001,28547
01001,31697
01001,5903
01001,56382
01001,24956
01001,19713
01001,36467
01001,23483
01001,10942
01001,39868
01001,1956
01001,18722
01001,293109
01001,9590
01001,12963
01001,6997
01001,7310
01001,10877
01001,1361
01001,84601
01001,5888
01001,11938
01001,1524
01001,8874
01001,9512
01001,2817
01001,11581
01001,108445
01001,122194
01001,938
01001,13713
01001,840
01001,3419
01001,16260
01001,12501
01001,2053
01001,32073
01001,72580
01001,1968
01001,20656
01001,1818
01001,8975
01001,1979
01001,4796
01001,119639
01001,5068
01001,17484
01001,401
01001,4224
01001,6012
01001,1762
01001,7029
01001,1251
01001,45807
01001,11329
01001,10665
01001,8236
01001,12936
01001,3677
01001,35589
01001,9052
01001,3713
01001,6291
01001,5028
01001,761
01001,7540
01001,2049
01001,1148
01001,167340
01001,31034
01001,6302
01001,540
01001,657
01001,385
01001,5366
01001,10754
01001,1704
01001,2739
01001,50323
01001,6730
01001,8413
01001,26963
01001,8344
01001,3639
01001,5468
01001,9478
01001,6084
01001,10541
01001,8976
01001,10544
01001,21331
01001,8212
01001,24020
01001,1865
01001,5561
01001,37146
01001,585461
01001,1811
01001,5551
01001,2868
01001,2562
01001,4605
01001,21646
01001,1620
01001,1797
01001,1929
01001,695
01001,2211
01001,62431
01001,9438
01001,3006
01001,854
01001,2601
01001,10093
01001,613
01001,6492
01001,7155
01001,5263
01001,6697
01001,8239
01001,939
01001,3348
01001,8362
01001,323673
01001,34122
01001,812
01001,564
01001,463
01001,35535
01001,7696
01001,4544
01001,3342
01001,7035
01001,4089
01001,16075
01001,2539
01001,2835
01001,8983
01001,7312
01001,34358
01001,5209
01001,10611
01001,7797
01001,1335
01001,14642
01001,194051
01001,22761
01001,35937
01001,17636
01001,5058
01001,2974
01001,1197
01001,5835
01001,4938
01001,626
01001,6666
01001,4094
01001,20989
01001,9786
01001,3385
01001,785
01001,14231
01001,25614
01001,2293764
01001,49624
01001,53852
01001,962
01001,1660
01001,17299
01001,5745
01001,4452
01001,60630
01001,4557
01001,53207
01001,6505
01001,4139
01001,491770
01001,8856
01001,58364
01001,64300
01001,51259
01001,76945
01001,31386
01001,91759
01001,424732
01001,155018
01001,317163
01001,131743
01001,43529
01001,274704
01001,954717
01001,464226
01001,524042
01001,95236
01001,152915
01001,854130
01001,304504
01001,710478
01001,129448
01001,383286
01001,861535
01001,643615
01001,510375
01001,646434
01001,518289
01001,64973
01001,346203
01001,145117
01001,572549
01001,110238
01001,674357
01001,3685
01001,64446
01001,27059
01001,12336
01001,47932
01001,1580
01001,221665
01001,61114
01001,27856
01001,4379
01001,748
01001,4097
01001,73154
01001,20227
01001,19374
01001,25420
01001,71172
01001,4176
01001,68235
01001,8616
01001,40165
01001,19002
01001,151538
01001,121178
01001,27036
01001,155175
01001,11511
01001,16308
01001,34516
01001,15290
01001,4039
01001,77382
01001,315374
01001,47027
01001,1419250
01001,197738
01001,76479
01001,75464
01001,126329
01001,82805
01001,46685
01001,78961
01001,61245
01001,46401
01001,44551
01001,297144
01001,950044
01001,37077
01001,47066
01001,52787
01001,57943
01001,47554
01001,5102
01001,59932
01001,116130
01001,2646306
01001,26618
01001,61588
01001,67572
01001,754068
01001,49461
01001,1388138
01001,1627788
01001,211341
01001,229645
01001,471611
01001,112405
01001,403840
01001,39686
01001,117945
01001,59738
01001,97988
01001,2330124
01001,160341
01001,492734
01001,338936
01001,107796
01001,237075
01001,159603
01001,29979
01001,17749
01001,33125
01001,93034
01001,1525680
01001,79147
01001,48106
01001,102879
01001,182109
01001,65560
01001,60883
01001,91128
01001,996888
01001,39980
01001,24637
01001,174286
01001,36440
01001,11075
01001,21903
01001,26831
01001,17643
01001,44597
01001,17482
01001,29591
01001,145889
01001,271790
01001,87863
01001,231262
01001,80618
01001,10743
01001,68652
01001,22689
01001,162051
01001,78319
01001,29197
01001,13814
01001,11391
01001,100170
01001,50453
01001,101074
01001,336749
01001,29612
01001,37534
01001,171063
01001,43526
01001,49053
01001,329405
01001,48777
01001,386740
01001,71962
01001,231485
01001,10437
01001,8041
01001,61439
01001,20421
01001,542987
01001,48219
01001,136503
01001,62432
01001,117387
01001,20492
01001,53102
01001,4625
01001,191800
01001,43089
01001,226623
01001,9245
01001,64565
01001,54917
01001,90359
01001,44679
01001,37533
01001,21640
01001,21773
01001,1130906
01001,14973
01001,25874
01001,102840
01001,95451
01001,231214
01001,17212
01001,208537
01001,147292
01001,12315
01001,40830
01001,63475
01001,13146
01001,39275
01001,172279
01001,19689
01001,145322
01001,42818
01001,116858
01001,91585
01001,148487
01001,64850
01001,59245
01001,34353
01001,63557
01001,44889
01001,71407
01001,14065
01001,33243
01001,3376
01001,244975
01001,42361
01001,1151009
01001,18751
01001,10905
01001,54607
01001,117606
01001,65983
01001,78648
01001,37419
01001,18676
01001,2179
01001,10794
01001,5861
01001,948
01001,6390
01001,2935
01001,2163
01001,98986
01001,189286
01001,3663
01001,4959
01001,2174
01001,4043
01001,2319
01001,3269
01001,3372
01001,1679
01001,72764
01001,2276
01001,2340
01001,2453
01001,2374
01001,4107
01001,1848
01001,5264
01001,2512
01001,14280
01001,9807
01001,8341
01001,33479
01001,9567
01001,3015
01001,1821
01001,6787
01001,3961
01001,11563
01001,5662
01001,2277
01001,16550
01001,12065
01001,3822
01001,1327
01001,3789
01001,795
01001,33116
01001,1731
01001,21525
01001,2113
01001,7980
01001,10488
01001,69232
01001,3942
01001,39368
01001,27510
01001,101685
01001,52296
01001,97343
01001,61573
01001,46209
01001,65982
01001,43710
01001,389910
01001,26731
01001,38772
01001,135445
01001,209862
01001,42014
01001,101203
01001,36679
01001,41767
01001,1249418
01001,51655
01001,38258
01001,221160
01001,74938
01001,161289
01001,28880
01001,1321635
01001,42434
01001,29162
01001,95479
01001,168531
01001,38283
01001,827878
01001,74885
01001,30527
01001,14408
01001,27581
01001,43403
01001,27938
01001,44312
01001,58412
01001,32588
01001,64855
01001,62888
01001,232101
01001,57385
01001,180311
01001,46140
01001,314588
01001,428748
01001,44126
01001,227063
01001,65145
01001,183049
01001,22072
01001,42438
01001,109549
01001,13308
01001,535528
01001,13758
01001,35214
01001,86382
01001,14252
01001,40161
01001,18800
01001,35474
01001,59407
01001,27080
01001,161421
01001,40802
01001,34352
01001,125138
01001,76748
01001,58770
01001,73118
01001,54861
01001,48007
01001,373764
01001,538087
01001,201367
01001,92585
01001,65293
01001,28824
01001,12686
01001,246364
01001,59318
01001,116618
01001,36862
01001,131795
01001,21699
01001,19595
01001,5685
01001,14255
01001,5041
01001,22202
01001,8603
01001,47237
01001,26626
01001,162621
01001,48255
01001,47621
01001,14299
01001,2247
01001,297545
01001,5275
01001,121699
01001,5475
01001,14215
01001,72353
01001,28332
01001,41017
01001,4433
01001,3717
01001,62322
01001,25779
01001,55868
01001,4137
01001,5498
01001,2452
01001,3231
01001,11667
01001,13411
01001,24730
01001,5377
01001,10334
01001,43731
01001,15288
01001,8458
01001,9495
01001,48728
01001,33917
01001,50905
01001,10196
01001,43779
01001,30825
01001,19237
01001,7656
01001,15628
01001,39406
01001,13807
01001,66471
01001,10909
01001,9392
01001,11304
01001,800487
01001,36922
01001,45963
01001,30360
01001,15689
01001,82290
01001,43629
01001,38158
01001,73011
01001,10787
01001,3378
01001,97235
01001,23550
01001,39676
01001,43314
01001,20880
01001,6967
01001,673708
01001,84339
01001,52895
01001,10857
01001,8619
01001,20260
01001,16796
01001,96359
01001,422308
01001,41343
01001,53178
01001,64832
01001,25651
01001,23463
01001,203026
01001,111807
01001,2002
01001,7238
01001,7515
01001,23958
01001,222563
01001,24973
01001,88069
01001,69812
01001,8254
01001,382628
01001,50632
01001,129794
01001,31701
01001,346532
01001,12249
01001,803863
01001,88553
01001,1908
01001,27471
01001,80087
01001,26192
01001,7532
01001,26603
01001,600266
01001,1434
01001,108122
01001,105183
01001,1240476
01001,65069
01001,166993
01001,47503
01001,429989
01001,121854
01001,59971
01001,645993
01001,195870
01001,132355
01001,4475
01001,65191
01001,158041
01001,540896
01001,37297
01001,78902
01001,37707
01001,65055
01001,83189
01001,264422
01001,287484
01001,576195
01001,30703
01001,269544
01001,126967
01001,6785
01001,156626
01001,14545
01001,35265
01001,43844
01001,83213
01001,44099
01001,23419
01001,215834
01001,555151
01001,85423
01001,143592
01001,375408
01001,325978
01001,113570
01001,40149
01001,109852
01001,46074
01001,167784
01001,861225
01001,18079
01001,315927
01001,90925
01001,45988
01001,1582432
01001,59691
01001,16276
01001,143259
01001,39711
01001,73255
01001,5849
01001,38349
01001,41078
01001,42570
01001,50096
01001,38174
01001,209778
01001,51189
01001,353345
01001,26075
01001,459312
01001,50568
01001,170658
01001,85095
01001,658977
01001,130073
01001,24352
01001,171949
01001,7738
01001,207218
01001,13164
01001,20565
01001,192123
01001,238723
01001,14150
01001,414711
01001,56299
01001,32177
01001,43575
01001,31037
01001,38623
01001,62754
01001,28031
01001,164322
01001,26508
01001,20741
01001,136921
01001,64200
01001,537575
01001,69329
01001,18555
01001,368937
01001,30658
01001,66924
01001,100905
01001,67904
01001,16330
01001,300370
01001,9701
01001,28900
01001,26285
01001,38121
01001,79566
01001,83531
01001,132604
01001,418725
01001,18958
01001,338096
01001,104853
01001,26990
01001,30517
01001,288559
01001,2573
01001,19279
01001,3354
01001,7024
01001,34968
01001,38079
01001,5261
01001,1757
01001,10538
01001,1481
01001,9281
01001,3876
01001,15133
01001,28556
01001,3859
01001,8686
01001,19936
01001,5460
01001,4318
01001,5230
01001,2823
01001,4033
01001,7179
01001,2137
01001,7544
01001,3993
01001,1708
01001,6288
01001,3045
01001,3473
01001,1092
01001,17732
01001,7393
01001,1305
01001,2826
01001,1845
01001,1030
01001,5210
01001,11052
01001,26574
01001,68286
01001,3717
01001,5732
01001,2278
01001,4355
01001,30297
01001,2043
01001,2299
01001,200689
01001,6371
01001,13587
01001,112081
01001,3058
01001,2430
01001,10219
01001,2370
01001,6283
01001,3012
01001,1481
01001,9293
01001,5607
01001,8772
01001,16916
01001,5298
01001,23379
01001,2410
01001,78175
01001,51291
01001,15948
01001,14905
01001,137747
01001,109743
01001,39568
01001,14661
01001,28461
01001,56462
01001,41500
01001,17452
01001,32221
01001,7621
01001,36503
01001,58940
01001,13937
01001,62529
01001,709846
01001,11499
01001,20551
01001,55197
01001,36681
01001,42653
01001,18948
01001,43478
01001,50610
01001,30442
01001,23929
01001,70919
01001,13665
01001,64930
01001,370913
01001,6790
01001,25477
01001,26939
01001,57446
01001,17672
01001,27906
01001,32345
01001,25229
01001,8293
01001,19074
01001,11882
01001,55835
01001,18073
01001,487401
01001,6691
01001,24933
01001,44901
01001,12784
01001,35617
01001,56996
01001,54135
01001,25933
01001,25793
01001,98845
01001,29010
01001,35276
01001,104855
01001,13076
01001,47054
01001,227957
01001,6611
01001,21193
01001,30570
01001,22807
01001,8561
01001,5062
01001,17702
01001,81366
01001,33299
01001,54403
01001,74291
01001,351591
01001,21969
01001,16409
01001,98802
01001,922195
01001,20196
01001,13859
01001,159693
01001,200553
01001,61339
01001,11805
01001,17779
01001,20141
01001,6293
01001,41587
01001,134693
01001,16251
01001,32959
01001,27764
01001,254609
01001,153587
01001,57825
01001,18518
01001,86791
01001,24449
01001,8734
01001,1883
01001,50058
01001,30712
01001,7044
01001,21589
01001,102370
01001,3464
01001,31000
01001,379811
01001,2037344
01001,12008
01001,723
01001,18546
01001,92321
01001,381650
01001,237980
01001,9464
01001,1223
01001,6987
01001,38294
01001,18327
01001,51064
01001,47184
01001,19921
01001,14017
01001,423192
01001,12652
01001,5802
01001,28582
01001,7328
01001,49178
01001,51143
01001,6772
01001,10402
01001,2520
01001,3315
01001,7765
01001,1116601
01001,2733
01001,20736
01001,174552
01001,13786
01001,3301
01001,42473
01001,83772
01001,1302
01001,4623
01001,2881
01001,5072
01001,2181
01001,7180
01001,2603816
01001,12311
01001,18487
01001,5345
01001,945644
01001,19853
01001,1641
01001,8507
01001,3276
01001,9824
01001,17846
01001,163206
01001,1392
01001,203927
01001,866275
01001,43244
01001,17063
01001,36525
01001,24783
01001,3661
01001,5294
01001,1079
01001,859721
01001,10522
01001,19813
01001,18019
01001,21904
01001,354721
01001,5435
01001,27202
01001,1070
01001,7096
01001,19764
01001,21131
01001,139988
01001,124860
01001,30385
01001,178368
01001,32247
01001,2827
01001,8320
01001,5182
01001,3529
01001,57126
01001,4758579
01001,69584
01001,5307
01001,5390
01001,256429
01001,3311
01001,83658
01001,880921
01001,36664
01001,21455
01001,64198
01001,37351
01001,22042
01001,33127
01001,3331
01001,104917
01001,20413
01001,1432
01001,8623
01001,15081
01001,32807
01001,1740
01001,253939
01001,4797
01001,38863
01001,188820
01001,19968
01001,14819
01001,160718
01001,46971
01001,52
01001,727
01001,53166
01001,4355
01001,189
01001,3140
01001,30629
01001,3322
01001,50421
01001,12919
01001,22267
01001,6946
01001,20479
01001,17758
01001,16067
01001,97993
01001,22185
01001,2964
01001,11444
01001,22011
01001,54
01001,314633
01001,5667
01001,7565
01001,263608
01001,623
01001,13574
01001,9631
01001,5230
01001,3951
01001,36274
01001,57770
01001,52419
01001,1964
01001,171496
01001,25268
01001,4499
01001,8989
01001,20599
01001,654722
01001,21234
01001,12014
01001,1267
01001,64897
01001,53735
01001,12193
01001,14565
01001,352829
01001,9852
01001,2097
01001,84993
01001,28920
01001,22624
01001,158079
01001,9752
01001,14983
01001,51780
01001,116634
01001,6043
01001,12505
01001,143791
01001,3259
01001,2821
01001,11621
01001,13219
01001,6693
01001,785
01001,16973
01001,116931
01001,9880
01001,52613
01001,9998
01001,7889
01001,27983
01001,69519
01001,5802
01001,2426
01001,16633
01001,3169
01001,24108
01001,2434
01001,238014
01001,9510
01001,65809
01001,9278
01001,1389
01001,1244
01001,3306
01001,6981
01001,2135743
01001,144259
01001,851
01001,11699
01001,1589
01001,31284
01001,119398
01001,1307625
01001,13850
01001,20084
01001,41864
01001,3227
01001,24810
01001,47647
01001,61323
01001,91281
01001,78292
01001,59455
01001,11255
01001,36156
01001,267731
01001,41651
01001,4902
01001,129842
01001,12712
01001,20218
01001,643889
01001,51501
01001,7540
01001,72359
01001,46094
01001,7589
01001,17963
01001,13855
01001,9532
01001,7172
01001,59725
01001,137031
01001,20446
01001,747
01001,366742
01001,19932
01001,9968
01001,5170
01001,9697
01001,60201
01001,12273
01001,7996
01001,13179
01001,12585
01001,1705
01001,2588
01001,1184689
01001,14466
01001,29209
01001,21854
01001,42709
01001,76648
01001,36458
01001,683622
01001,35808
01001,189827
01001,2557
01001,266183
01001,37497
01001,37312
01001,30425
01001,168831
01001,5972
01001,50379
01001,7393
01001,26036
01001,29594
01001,27492
01001,60484
01001,59958
01001,45913
01001,57968
01001,33326
01001,113683
01001,14962
01001,13342
01001,31385
01001,16424
01001,235463
01001,77713
01001,4123
01001,80254
01001,6211
01001,33875
01001,15868
01001,19857
01001,16914
01001,55398
01001,31541
01001,29158
01001,6686
01001,11475
01001,371610
01001,15060
01001,4881
01001,53563
01001,9745
01001,13920
01001,28083
01001,10604
01001,1144474
01001,73935
01001,15560
01001,27764
01001,54958
01001,93355
01001,16610
01001,39228
01001,25613
01001,15323
01001,20850
01001,11304
01001,33811
01001,111652
01001,334434
01001,50365
01001,2265
01001,39444
01001,80046
01001,6676
01001,27468
01001,18232
01001,10876
01001,22042
01001,427082
01001,39012
01001,11990
01001,13931
01001,8517
01001,30431
01001,10774
01001,99159
01001,14777
01001,24139
01001,12115
01001,12085
01001,15597
01001,37208
01001,23750
01001,17606
01001,60148
01001,31074
01001,21932
01001,42873
01001,484625
01001,33771
01001,7409
01001,9047
01001,96793
01001,22578
01001,84739
01001,25635
01001,21504
01001,44630
01001,29585
01001,17988
01001,143876
01001,160520
01001,6552
01001,10793
01001,39933
01001,41104
01001,53913
01001,18683
01001,35727
01001,28219
01001,70590
01001,156788
01001,17024
01001,6612
01001,45863
01001,251153
01001,18210
01001,5671
01001,42239
01001,5633
01001,24478
01001,14593
01001,8212
01001,28383
01001,6698
01001,137334
01001,51492
01001,22944
01001,7420
01001,79255
01001,42674
01001,16923
01001,13584
01001,184774
01001,235037
01001,3620
01001,33365
01001,12556
01001,97299
01001,16505
01001,227595
01001,98677
01001,25477
01001,25765
01001,96638
01001,457066
01001,22574
01001,15564
01001,27981
01001,20690
01001,22424
01001,210224
01001,79518
01001,77593
01001,510516
01001,3996
01001,111539
01001,43733
01001,7326
01001,97676
01001,2326
01001,100428
01001,76397
01001,86747
01001,33313
01001,2262713
01001,276581
01001,44736
01001,23082
01001,83925
01001,11271
01001,66968
01001,42811
01001,23750
01001,13811
01001,924106
01001,18266
01001,130407
01001,12276
01001,834648
01001,544323
01001,47470
01001,296640
01001,4573
01001,62102
01001,228432
01001,47042
01001,256605
01001,15454
01001,126165
01001,21312
01001,12345
01001,22053
01001,93300
01001,6158
01001,7946
01001,7767
01001,39987
01001,7376
01001,10972
01001,32688
01001,23340
01001,28658
01001,14236
01001,65407
01001,27753
01001,58546
01001,178198
01001,16808
01001,20170
01001,31826
01001,18413
01001,56042
01001,30129
01001,25214
01001,59062
01001,26922
01001,22979
01001,106520
01001,12401
01001,17327
01001,24446
01001,41904
01001,6111
01001,7572
01001,7855
01001,34204
01001,57250
01001,73666
01001,27782
01001,8372
01001,13921
01001,11833
01001,16543
01001,6698
01001,8181
01001,23758
01001,38498
01001,8253
01001,14233
01001,5131
01001,83829
01001,20948
01001,20928
01001,16050
01001,46741
01001,16410
01001,269425
01001,13341
01001,16741
01001,52626
01001,66558
01001,34736
01001,58322
01001,16064
01001,564777
01001,88818
01001,30279
01001,44197
01001,45349
01001,106328
01001,4617
01001,104053
01001,9261
01001,51678
01001,37036
01001,19165
01001,23832
01001,6164
01001,20971
01001,85867
01001,26695
01001,168413
01001,20621
01001,120262
01001,16788
01001,19473
01001,28403
01001,81314
01001,138067
01001,41907
01001,15706
01001,4256
01001,927656
01001,46169
01001,39329
01001,38007
01001,191537
01001,92345
01001,7372
01001,42351
01001,45327
01001,70375
01001,14077
01001,196888
01001,17229
01001,163944
01001,14146
01001,94819
01001,65759
01001,18243
01001,40927
01001,117783
01001,19972
01001,30786
01001,30915
01001,23410
01001,105447
01001,16749
01001,137320
01001,409040
01001,51714
01001,24752
01001,171357
01001,74039
01001,37713
01001,11737
01001,47018
01001,14549
01001,13759
01001,7339
01001,39472
01001,12587
01001,4618
01001,8602
01001,100661
01001,20158
01001,79735
01001,2415
01001,30109
01001,8606
01001,31585
01001,8806
01001,41786
01001,23358
01001,20605
01001,7708
01001,6835
01001,17975
01001,37904
01001,54486
01001,23888
01001,24610
01001,25316
01001,86875
01001,15573
01001,22565
01001,28984
01001,183456
01001,46955
01001,126239
01001,32753
01001,42037
01001,153226
01001,22768
01001,41231
01001,11128
01001,16874
01001,39765
01001,34294
01001,18775
01001,34474
01001,1281
01001,35816
01001,31756
01001,11624
01001,13266
01001,35845
01001,17418
01001,89503
01001,40383
01001,38266
01001,15520
01001,50441
01001,42878
01001,14653
01001,46276
01001,36895
01001,23133
01001,27944
01001,8790
01001,35034
01001,23176
01001,17631
01001,39152
01001,5176
01001,10482
01001,71824
01001,37402
01001,28534
01001,23205
01001,29246
01001,21351
01001,15753
01001,20082
01001,134676
01001,23486
01001,15276
01001,46478
01001,22541
01001,25397
01001,31514
01001,338661
01001,37515
01001,39168
01001,20064
01001,66536
01001,73987
01001,67329
01001,27896
01001,35114
01001,54058
01001,8147
01001,21778
01001,29868
01001,33509
