FIPS,MEDIAN_INCOME
01001,69841
01001,75019
01001,44290
01001,51215
01001,61096
01001,36723
01001,44881
01001,55826
01001,49295
01001,50769
01001,61873
01001,44483
01001,49167
01001,51852
01001,53319
01001,64672
01001,56736
01001,42266
01001,57063
01001,50886
01001,49040
01001,60916
01001,53955
01001,36810
01001,51149
01001,75553
01001,44447
01001,53070
01001,50733
01001,51493
01001,50951
01001,31495
01001,41325
01001,60135
01001,57531
01001,49454
01001,64589
01001,47447
01001,59082
01001,60040
01001,61123
01001,83534
01001,35160
01001,45951
01001,83528
01001,44205
01001,50714
01001,60946
01001,58119
01001,40225
01001,58153
01001,64858
01001,34368
01001,47014
01001,47961
01001,51551
01001,50046
01001,78993
01001,93543
01001,37981
01001,56249
01001,57185
01001,63947
01001,54509
01001,60503
01001,42236
01001,48032
01001,72692
01001,107344
01001,98152
01001,70616
01001,100625
01001,88565
01001,75053
01001,88935
01001,74250
01001,84722
01001,72607
01001,62500
01001,100513
01001,77722
01001,89155
01001,83716
01001,48233
01001,64000
01001,90625
01001,76643
01001,86313
01001,81298
01001,77026
01001,59079
01001,101207
01001,78594
01001,74223
01001,64545
01001,80625
01001,52642
01001,40338
01001,58970
01001,69748
01001,59089
01001,67326
01001,75239
01001,49506
01001,85518
01001,55799
01001,52752
01001,67929
01001,77588
01001,53614
01001,66106
01001,60417
01001,60831
01001,44481
01001,48427
01001,89879
01001,54195
01001,39565
01001,63654
01001,55187
01001,39683
01001,50985
01001,48500
01001,55979
01001,50509
01001,47363
01001,51212
01001,57615
01001,60362
01001,54271
01001,47012
01001,44694
01001,36064
01001,41071
01001,65071
01001,51919
01001,38941
01001,55409
01001,72512
01001,56793
01001,47654
01001,52644
01001,44492
01001,56009
01001,47728
01001,41215
01001,48552
01001,44808
01001,37237
01001,44164
01001,36860
01001,51667
01001,52241
01001,54237
01001,71449
01001,53888
01001,46953
01001,49983
01001,53428
01001,43955
01001,49015
01001,41761
01001,47395
01001,49838
01001,60078
01001,38874
01001,51000
01001,47188
01001,49252
01001,54606
01001,51094
01001,60385
01001,52838
01001,41784
01001,76534
01001,45955
01001,41978
01001,56450
01001,51641
01001,42950
01001,38531
01001,50221
01001,47266
01001,66426
01001,53435
01001,49982
01001,58870
01001,126240
01001,110781
01001,81526
01001,68574
01001,79877
01001,75149
01001,125727
01001,66780
01001,106190
01001,71434
01001,70487
01001,61135
01001,56393
01001,72432
01001,67660
01001,68750
01001,58738
01001,64395
01001,87760
01001,75496
01001,142785
01001,65378
01001,64688
01001,65044
01001,56648
01001,86953
01001,94486
01001,108970
01001,84905
01001,113702
01001,114678
01001,64946
01001,89672
01001,88724
01001,108289
01001,82184
01001,102285
01001,141446
01001,88531
01001,93398
01001,156000
01001,95977
01001,159674
01001,109266
01001,71931
01001,60000
01001,55499
01001,99994
01001,102840
01001,79661
01001,75450
01001,61834
01001,53498
01001,69489
01001,72259
01001,107327
01001,88818
01001,73313
01001,91387
01001,51445
01001,97215
01001,76524
01001,40380
01001,49194
01001,102772
01001,121025
01001,70909
01001,67768
01001,96667
01001,47209
01001,36519
01001,47563
01001,72700
01001,58330
01001,91681
01001,70490
01001,145737
01001,103174
01001,129477
01001,87470
01001,61027
01001,86172
01001,88654
01001,84558
01001,77358
01001,64327
01001,52139
01001,41809
01001,107800
01001,56389
01001,59810
01001,93655
01001,85296
01001,91364
01001,50408
01001,54257
01001,55074
01001,71485
01001,52455
01001,70975
01001,63005
01001,66072
01001,75407
01001,54897
01001,84556
01001,95450
01001,60372
01001,100318
01001,57601
01001,62250
01001,72620
01001,62166
01001,104803
01001,54283
01001,73889
01001,80117
01001,52833
01001,106255
01001,80666
01001,65164
01001,93287
01001,60051
01001,91541
01001,87135
01001,101117
01001,86365
01001,87564
01001,91035
01001,86266
01001,84185
01001,124553
01001,72872
01001,89901
01001,78162
01001,106287
01001,59659
01001,70833
01001,70188
01001,59740
01001,75817
01001,74534
01001,46901
01001,66154
01001,55355
01001,86094
01001,86173
01001,55070
01001,50868
01001,47655
01001,68447
01001,65715
01001,72923
01001,62734
01001,46047
01001,61070
01001,38905
01001,67361
01001,47696
01001,54231
01001,53044
01001,63193
01001,55581
01001,75011
01001,48236
01001,71049
01001,47327
01001,56984
01001,60692
01001,69956
01001,73099
01001,65074
01001,53805
01001,53824
01001,48176
01001,75792
01001,58535
01001,80701
01001,68694
01001,82430
01001,88900
01001,79097
01001,52288
01001,77011
01001,68711
01001,81115
01001,67384
01001,70293
01001,63644
01001,47256
01001,106169
01001,69027
01001,88968
01001,80633
01001,83030
01001,73297
01001,55479
01001,44985
01001,64922
01001,66581
01001,74183
01001,79281
01001,52723
01001,43728
01001,38438
01001,50310
01001,44405
01001,55413
01001,68830
01001,77477
01001,79431
01001,39081
01001,50414
01001,50747
01001,53005
01001,47801
01001,47656
01001,94234
01001,56832
01001,50739
01001,59221
01001,55714
01001,72399
01001,50431
01001,72327
01001,72425
01001,48534
01001,69575
01001,59221
01001,47785
01001,105442
01001,52267
01001,48715
01001,58507
01001,55549
01001,98712
01001,50175
01001,49691
01001,96122
01001,50133
01001,94142
01001,60905
01001,42745
01001,58936
01001,88986
01001,50485
01001,77683
01001,50152
01001,56545
01001,46784
01001,80764
01001,53750
01001,61723
01001,85465
01001,49727
01001,50053
01001,53908
01001,58073
01001,108986
01001,62540
01001,138000
01001,52264
01001,91490
01001,72542
01001,55250
01001,68546
01001,61997
01001,54312
01001,84530
01001,84823
01001,65622
01001,77430
01001,33182
01001,65016
01001,89184
01001,57241
01001,62907
01001,81612
01001,80743
01001,53915
01001,85012
01001,59574
01001,40879
01001,46561
01001,36906
01001,54183
01001,68259
01001,68457
01001,44361
01001,49705
01001,88024
01001,59013
01001,50688
01001,64747
01001,55887
01001,72388
01001,54058
01001,50348
01001,37177
01001,58784
01001,50484
01001,56458
01001,58407
01001,51908
01001,82863
01001,51188
01001,85692
01001,67880
01001,56622
01001,73732
01001,115925
01001,69784
01001,94557
01001,68365
01001,75293
01001,56691
01001,84184
01001,55308
01001,47688
01001,64163
01001,36838
01001,61466
01001,25425
01001,53197
01001,72349
01001,59647
01001,53017
01001,49559
01001,60217
01001,52264
01001,35000
01001,41877
01001,45098
01001,48036
01001,52351
01001,41743
01001,44948
01001,43812
01001,60140
01001,53165
01001,54130
01001,58400
01001,43750
01001,54905
01001,39565
01001,55439
01001,65697
01001,50904
01001,55887
01001,82381
01001,44833
01001,46776
01001,44009
01001,49562
01001,40764
01001,45262
01001,69747
01001,64262
01001,48036
01001,52542
01001,46673
01001,57201
01001,77215
01001,104264
01001,86250
01001,93612
01001,95076
01001,88907
01001,59286
01001,64080
01001,67304
01001,56553
01001,76842
01001,84470
01001,77349
01001,65168
01001,76646
01001,62438
01001,43281
01001,55536
01001,72355
01001,66653
01001,67042
01001,52083
01001,57961
01001,56957
01001,58976
01001,65991
01001,72767
01001,66245
01001,62395
01001,60975
01001,82952
01001,69338
01001,77034
01001,65179
01001,52057
01001,49643
01001,66038
01001,58259
01001,70060
01001,71466
01001,72563
01001,59773
01001,65723
01001,59760
01001,49975
01001,90740
01001,65338
01001,76125
01001,53608
01001,64962
01001,43523
01001,61603
01001,81638
01001,72288
01001,65894
01001,92095
01001,60871
01001,64907
01001,63091
01001,59253
01001,70625
01001,57266
01001,82314
01001,56040
01001,81797
01001,67614
01001,69826
01001,69022
01001,64802
01001,74186
01001,110502
01001,56909
01001,59386
01001,75380
01001,57113
01001,60782
01001,53471
01001,58617
01001,54626
01001,60976
01001,93060
01001,61520
01001,65044
01001,57155
01001,65651
01001,69912
01001,62439
01001,45572
01001,71094
01001,61102
01001,79104
01001,74954
01001,65203
01001,100678
01001,68325
01001,110474
01001,53291
01001,108917
01001,72281
01001,53438
01001,68459
01001,70796
01001,64188
01001,50434
01001,102836
01001,78329
01001,62449
01001,68518
01001,74800
01001,60839
01001,69818
01001,62127
01001,62584
01001,81334
01001,71710
01001,101635
01001,61863
01001,65175
01001,71676
01001,79244
01001,64938
01001,59286
01001,87516
01001,58029
01001,62500
01001,43227
01001,77526
01001,68870
01001,60404
01001,66768
01001,70178
01001,54945
01001,74114
01001,66059
01001,73013
01001,68457
01001,62284
01001,61943
01001,76704
01001,56420
01001,54537
01001,53650
01001,64650
01001,75652
01001,53107
01001,53097
01001,64536
01001,107799
01001,65521
01001,64363
01001,85629
01001,63128
01001,68839
01001,80365
01001,61811
01001,47560
01001,104865
01001,72644
01001,64003
01001,56525
01001,72298
01001,67676
01001,63690
01001,48993
01001,68561
01001,82693
01001,74228
01001,70080
01001,56932
01001,71918
01001,65617
01001,56659
01001,78179
01001,62526
01001,79702
01001,62878
01001,67763
01001,54007
01001,59753
01001,117957
01001,91326
01001,72468
01001,99988
01001,60144
01001,62496
01001,62734
01001,70208
01001,79634
01001,54114
01001,59987
01001,68476
01001,87227
01001,58863
01001,73922
01001,83741
01001,68985
01001,70452
01001,65551
01001,62632
01001,63450
01001,68041
01001,65345
01001,61130
01001,63372
01001,66571
01001,79088
01001,68596
01001,70908
01001,67942
01001,64758
01001,59586
01001,66776
01001,61099
01001,66250
01001,85828
01001,79124
01001,59956
01001,76182
01001,61121
01001,71084
01001,64393
01001,64885
01001,54583
01001,71301
01001,70890
01001,62933
01001,71483
01001,54985
01001,65148
01001,58622
01001,78309
01001,79500
01001,60938
01001,59363
01001,52525
01001,68414
01001,74635
01001,95027
01001,61358
01001,56652
01001,69741
01001,66143
01001,75790
01001,66176
01001,68828
01001,66000
01001,51146
01001,54152
01001,84742
01001,64581
01001,79741
01001,83343
01001,78430
01001,66564
01001,69651
01001,66875
01001,68528
01001,61657
01001,79080
01001,65537
01001,64478
01001,73421
01001,66821
01001,64082
01001,62326
01001,65177
01001,65039
01001,102349
01001,79505
01001,57146
01001,76205
01001,60662
01001,74570
01001,75919
01001,65181
01001,58764
01001,64500
01001,63648
01001,73750
01001,59159
01001,83617
01001,79981
01001,71750
01001,70212
01001,64906
01001,77027
01001,64604
01001,67336
01001,66994
01001,62841
01001,72185
01001,71605
01001,70128
01001,56824
01001,74721
01001,73071
01001,60856
01001,65656
01001,59803
01001,76421
01001,80223
01001,67921
01001,72881
01001,89542
01001,69019
01001,78059
01001,72785
01001,87810
01001,68704
01001,62944
01001,72518
01001,63190
01001,69512
01001,68216
01001,69138
01001,57752
01001,68963
01001,81600
01001,63423
01001,81621
01001,71446
01001,64837
01001,69821
01001,70991
01001,76363
01001,67690
01001,84736
01001,69006
01001,67955
01001,67279
01001,56813
01001,60183
01001,60034
01001,92990
01001,71339
01001,59118
01001,68054
01001,63719
01001,75652
01001,70147
01001,76875
01001,64033
01001,57618
01001,64925
01001,62164
01001,57615
01001,56733
01001,67555
01001,58886
01001,80375
01001,54518
01001,54592
01001,58274
01001,55765
01001,65515
01001,63136
01001,57333
01001,67377
01001,49417
01001,58263
01001,50311
01001,52030
01001,67982
01001,72833
01001,68756
01001,53792
01001,56087
01001,59889
01001,66792
01001,72437
01001,70495
01001,72142
01001,57344
01001,63203
01001,52909
01001,72484
01001,77885
01001,78819
01001,58276
01001,61929
01001,55417
01001,73269
01001,69138
01001,63125
01001,72703
01001,77393
01001,52344
01001,107261
01001,74135
01001,59819
01001,73214
01001,55439
01001,53042
01001,86906
01001,53546
01001,59200
01001,71389
01001,59078
01001,77701
01001,63438
01001,70828
01001,74868
01001,88000
01001,58233
01001,53242
01001,56716
01001,65625
01001,77375
01001,55704
01001,66107
01001,50305
01001,70216
01001,59408
01001,76755
01001,63625
01001,61235
01001,87694
01001,64348
01001,65000
01001,60498
01001,53611
01001,63947
01001,59560
01001,61596
01001,60288
01001,53902
01001,63316
01001,67788
01001,67675
01001,62269
01001,66043
01001,70000
01001,64444
01001,57024
01001,63786
01001,70361
01001,61909
01001,60348
01001,73575
01001,73375
01001,70536
01001,60263
01001,62452
01001,71282
01001,57056
01001,48152
01001,60582
01001,50316
01001,59029
01001,71747
01001,64740
01001,49171
01001,54128
01001,32403
01001,94752
01001,56322
01001,60659
01001,61635
01001,59521
01001,41101
01001,53673
01001,77640
01001,52003
01001,57618
01001,51854
01001,77271
01001,62019
01001,57753
01001,50389
01001,41689
01001,54190
01001,67824
01001,39607
01001,42168
01001,47003
01001,39662
01001,65323
01001,54512
01001,40074
01001,43905
01001,67631
01001,49663
01001,41582
01001,66470
01001,36834
01001,62247
01001,62572
01001,67940
01001,50576
01001,49893
01001,41087
01001,59613
01001,66836
01001,67608
01001,37198
01001,63205
01001,49653
01001,58239
01001,60736
01001,63750
01001,57610
01001,41410
01001,67849
01001,74886
01001,43014
01001,79421
01001,37736
01001,33153
01001,67770
01001,56999
01001,45584
01001,34182
01001,40176
01001,40501
01001,41632
01001,50862
01001,59713
01001,61535
01001,64464
01001,62385
01001,37355
01001,70549
01001,62407
01001,33632
01001,55404
01001,63611
01001,46185
01001,51473
01001,70163
01001,44672
01001,63115
01001,48572
01001,49430
01001,57468
01001,47493
01001,52672
01001,67888
01001,53616
01001,54369
01001,121491
01001,59706
01001,31064
01001,66601
01001,45261
01001,42179
01001,39811
01001,50943
01001,52337
01001,48367
01001,53657
01001,50520
01001,83660
01001,82671
01001,57392
01001,98333
01001,61871
01001,57759
01001,54630
01001,67813
01001,60989
01001,64801
01001,59762
01001,41933
01001,58786
01001,41719
01001,29052
01001,80006
01001,45266
01001,51138
01001,92266
01001,52546
01001,39439
01001,64995
01001,34992
01001,66336
01001,50067
01001,67849
01001,44957
01001,72500
01001,47753
01001,31784
01001,37349
01001,46077
01001,63075
01001,28321
01001,72899
01001,42273
01001,44103
01001,61112
01001,57811
01001,57459
01001,43345
01001,65246
01001,56500
01001,67660
01001,63439
01001,67077
01001,38035
01001,78617
01001,37267
01001,36981
01001,46798
01001,55339
01001,51241
01001,82874
01001,59351
01001,55946
01001,44539
01001,52960
01001,52047
01001,57638
01001,82172
01001,50193
01001,64536
01001,67418
01001,45637
01001,53394
01001,51768
01001,79277
01001,57256
01001,36074
01001,64819
01001,45743
01001,57537
01001,58281
01001,42776
01001,37396
01001,87320
01001,48514
01001,74277
01001,46368
01001,67298
01001,54254
01001,92983
01001,58522
01001,69630
01001,65062
01001,71903
01001,72026
01001,57933
01001,63248
01001,55234
01001,82080
01001,56199
01001,68441
01001,52237
01001,82904
01001,57393
01001,120324
01001,90904
01001,132059
01001,66368
01001,115876
01001,91146
01001,120592
01001,60495
01001,120458
01001,69031
01001,111317
01001,146982
01001,74402
01001,128733
01001,100708
01001,113347
01001,114580
01001,52462
01001,84378
01001,74157
01001,72861
01001,81455
01001,59623
01001,94452
01001,72565
01001,84198
01001,102348
01001,99431
01001,72584
01001,70535
01001,86391
01001,126779
01001,119750
01001,126497
01001,109698
01001,92859
01001,93561
01001,53568
01001,59406
01001,80255
01001,51909
01001,71421
01001,56989
01001,55117
01001,77873
01001,60523
01001,72603
01001,63152
01001,61958
01001,60385
01001,68011
01001,76495
01001,61619
01001,60631
01001,49805
01001,85928
01001,58614
01001,54829
01001,61882
01001,78025
01001,73724
01001,60673
01001,55576
01001,49672
01001,79486
01001,61128
01001,60869
01001,56573
01001,56963
01001,64354
01001,73436
01001,47777
01001,53614
01001,53759
01001,65004
01001,70525
01001,60365
01001,80390
01001,53893
01001,49680
01001,76228
01001,91943
01001,67013
01001,101315
01001,54338
01001,58598
01001,76399
01001,60879
01001,64675
01001,62296
01001,57774
01001,55688
01001,77538
01001,61868
01001,75272
01001,64892
01001,47803
01001,63495
01001,61931
01001,95296
01001,63624
01001,51983
01001,51844
01001,57050
01001,50581
01001,67285
01001,87144
01001,56713
01001,54106
01001,58347
01001,69349
01001,64707
01001,59074
01001,57708
01001,64464
01001,62847
01001,66902
01001,87156
01001,59521
01001,63123
01001,59498
01001,98764
01001,71117
01001,67257
01001,71480
01001,65475
01001,72623
01001,68690
01001,80042
01001,123144
01001,64937
01001,69192
01001,98260
01001,77664
01001,64934
01001,71643
01001,68239
01001,71343
01001,105212
01001,92943
01001,77264
01001,64391
01001,75225
01001,69012
01001,82749
01001,72957
01001,96339
01001,77087
01001,70622
01001,86573
01001,66380
01001,69955
01001,71915
01001,75097
01001,69615
01001,69115
01001,71639
01001,75621
01001,70091
01001,90218
01001,67715
01001,72761
01001,78468
01001,53925
01001,71701
01001,62969
01001,75037
01001,71455
01001,68640
01001,71495
01001,74475
01001,80362
01001,65509
01001,69833
01001,93494
01001,70912
01001,72561
01001,69666
01001,66073
01001,69136
01001,72205
01001,81004
01001,77500
01001,67024
01001,69086
01001,82792
01001,70698
01001,73611
01001,69455
01001,120247
01001,102965
01001,76082
01001,76447
01001,83448
01001,71060
01001,62601
01001,63039
01001,65931
01001,80133
01001,56882
01001,75052
01001,114457
01001,70593
01001,69635
01001,70198
01001,106666
01001,71573
01001,40250
01001,49404
01001,35385
01001,48098
01001,42139
01001,37315
01001,43942
01001,55275
01001,43041
01001,48321
01001,34371
01001,46054
01001,39904
01001,36259
01001,47994
01001,47001
01001,82980
01001,52821
01001,45618
01001,54822
01001,55838
01001,47998
01001,67728
01001,57233
01001,49966
01001,29434
01001,32976
01001,29271
01001,59508
01001,64756
01001,47157
01001,36207
01001,37183
01001,51143
01001,43595
01001,64334
01001,69106
01001,50033
01001,43368
01001,48418
01001,67144
01001,33188
01001,48316
01001,54460
01001,78794
01001,42320
01001,51875
01001,51231
01001,45057
01001,53087
01001,50426
01001,38814
01001,43482
01001,43990
01001,56535
01001,50435
01001,41578
01001,52741
01001,51466
01001,32131
01001,77454
01001,48492
01001,35741
01001,54111
01001,51396
01001,59307
01001,40265
01001,37383
01001,63995
01001,51141
01001,46257
01001,38402
01001,56807
01001,45444
01001,56648
01001,40117
01001,36791
01001,59964
01001,35930
01001,49071
01001,49171
01001,40974
01001,56583
01001,74007
01001,59260
01001,56232
01001,56611
01001,49503
01001,57914
01001,52200
01001,57286
01001,69913
01001,59423
01001,49213
01001,62520
01001,72645
01001,62927
01001,68912
01001,61712
01001,45083
01001,87413
01001,45577
01001,63307
01001,81245
01001,51458
01001,86150
01001,70625
01001,73273
01001,67548
01001,56345
01001,49899
01001,53177
01001,60665
01001,69093
01001,54306
01001,49828
01001,47368
01001,71973
01001,65096
01001,57458
01001,57488
01001,53839
01001,53364
01001,56621
01001,35084
01001,58516
01001,62628
01001,49814
01001,51161
01001,67178
01001,57525
01001,80522
01001,67123
01001,53333
01001,50825
01001,79091
01001,55849
01001,52340
01001,85276
01001,61975
01001,60148
01001,48145
01001,58318
01001,58435
01001,61359
01001,63908
01001,60357
01001,55172
01001,46258
01001,65161
01001,48299
01001,61042
01001,49663
01001,49237
01001,64583
01001,55970
01001,44259
01001,75355
01001,42329
01001,40748
01001,63356
01001,60232
01001,55427
01001,57572
01001,95748
01001,56686
01001,66435
01001,56875
01001,62054
01001,55310
01001,72152
01001,44357
01001,43898
01001,102912
01001,46731
01001,61310
01001,54813
01001,81340
01001,56566
01001,56023
01001,67568
01001,58847
01001,59000
01001,52127
01001,54067
01001,61323
01001,55500
01001,58258
01001,48055
01001,54519
01001,77989
01001,51886
01001,43393
01001,69731
01001,46167
01001,47304
01001,55279
01001,58072
01001,56680
01001,65050
01001,63636
01001,71017
01001,52171
01001,66203
01001,56927
01001,63585
01001,58000
01001,70953
01001,49533
01001,72284
01001,59731
01001,71327
01001,87454
01001,61750
01001,45129
01001,57353
01001,54646
01001,55313
01001,76576
01001,55417
01001,61965
01001,74543
01001,53264
01001,47018
01001,71842
01001,67420
01001,56215
01001,61117
01001,71246
01001,59010
01001,66607
01001,59318
01001,58156
01001,53500
01001,68009
01001,63432
01001,45192
01001,71323
01001,69578
01001,53125
01001,56430
01001,54035
01001,63654
01001,57504
01001,81503
01001,69426
01001,67766
01001,53693
01001,73036
01001,64515
01001,47054
01001,64792
01001,74400
01001,65680
01001,63750
01001,67500
01001,71250
01001,61250
01001,71367
01001,68778
01001,58984
01001,51538
01001,74570
01001,57303
01001,82603
01001,88255
01001,73977
01001,62782
01001,63750
01001,57594
01001,75938
01001,79720
01001,70708
01001,66310
01001,71655
01001,54381
01001,65383
01001,61438
01001,69156
01001,71294
01001,79081
01001,56563
01001,76354
01001,57692
01001,68207
01001,60625
01001,64426
01001,44777
01001,68611
01001,79145
01001,69063
01001,58894
01001,67549
01001,79884
01001,70536
01001,60313
01001,52016
01001,67225
01001,45854
01001,74508
01001,60568
01001,59457
01001,79167
01001,58132
01001,60313
01001,59438
01001,64821
01001,72625
01001,64342
01001,71650
01001,60156
01001,61316
01001,64637
01001,62849
01001,59773
01001,65438
01001,60132
01001,70201
01001,81430
01001,54926
01001,67500
01001,65988
01001,75938
01001,72335
01001,71771
01001,60000
01001,55578
01001,57500
01001,77027
01001,101402
01001,89395
01001,60960
01001,81122
01001,56900
01001,61935
01001,54076
01001,78275
01001,63095
01001,72708
01001,64838
01001,58902
01001,90188
01001,67687
01001,65197
01001,55893
01001,74058
01001,73268
01001,73845
01001,88018
01001,83427
01001,73095
01001,79946
01001,84474
01001,69496
01001,73460
01001,50584
01001,55975
01001,72007
01001,96000
01001,85600
01001,72294
01001,71809
01001,87983
01001,82961
01001,81001
01001,58439
01001,84021
01001,100436
01001,93944
01001,113927
01001,86564
01001,75929
01001,76819
01001,123715
01001,105271
01001,86384
01001,88046
01001,64499
01001,76712
01001,102807
01001,90032
01001,139453
01001,96333
01001,109028
01001,122727
01001,134929
01001,86411
01001,87137
01001,78412
01001,135960
01001,114316
01001,100117
01001,99596
01001,66514
01001,46439
01001,52029
01001,51765
01001,52690
01001,56259
01001,40804
01001,55663
01001,79605
01001,45921
01001,40149
01001,41250
01001,49076
01001,68750
01001,51643
01001,143188
01001,37917
01001,44496
01001,50178
01001,52717
01001,43698
01001,53901
01001,52445
01001,84053
01001,53020
01001,47400
01001,74689
01001,37840
01001,47556
01001,58908
01001,46250
01001,45319
01001,58333
01001,83149
01001,61233
01001,49036
01001,61059
01001,58248
01001,66583
01001,56507
01001,63469
01001,62093
01001,69208
01001,83619
01001,67527
01001,60226
01001,97273
01001,71175
01001,70215
01001,63747
01001,62615
01001,72055
01001,74011
01001,68950
01001,68858
01001,64978
01001,78548
01001,68329
01001,72464
01001,73141
01001,74409
01001,62923
01001,143408
01001,104553
01001,67809
01001,68819
01001,74740
01001,79814
01001,96497
01001,63838
01001,68461
01001,67086
01001,127405
01001,84961
01001,86663
01001,98290
01001,110631
01001,61900
01001,99653
01001,76989
01001,71188
01001,65625
01001,66007
01001,64740
01001,128329
01001,69826
01001,71791
01001,73012
01001,81804
01001,78239
01001,72342
01001,73914
01001,118411
01001,68913
01001,67521
01001,64445
01001,65268
01001,44272
01001,44245
01001,50827
01001,57657
01001,57997
01001,45931
01001,44528
01001,74034
01001,70578
01001,55684
01001,86084
01001,55401
01001,87781
01001,70235
01001,59407
01001,64544
01001,88534
01001,51496
01001,56982
01001,53645
01001,55769
01001,48184
01001,64635
01001,58780
01001,91548
01001,81214
01001,62426
01001,73234
01001,51880
01001,79501
01001,48480
01001,65541
01001,71386
01001,65472
01001,61612
01001,49038
01001,70975
01001,50904
01001,66027
01001,45071
01001,69012
01001,61001
01001,67623
01001,47472
01001,60095
01001,47338
01001,78678
01001,53479
01001,79838
01001,55659
01001,63060
01001,44795
01001,78490
01001,55527
01001,53298
01001,58628
01001,46793
01001,83765
01001,58089
01001,55849
01001,82837
01001,60704
01001,72892
01001,47935
01001,64568
01001,88553
01001,61624
01001,63912
01001,76838
01001,61224
01001,64927
01001,58851
01001,61005
01001,59047
01001,43626
01001,40318
01001,55796
01001,63196
01001,49771
01001,53159
01001,43500
01001,61631
01001,60039
01001,56095
01001,55429
01001,64523
01001,43952
01001,99243
01001,46943
01001,101763
01001,45279
01001,41750
01001,51367
01001,58082
01001,50438
01001,51381
01001,60321
01001,54961
01001,55417
01001,70230
01001,68049
01001,81250
01001,83460
01001,83773
01001,96339
01001,84948
01001,75023
01001,67064
01001,63125
01001,89297
01001,94688
01001,55389
01001,67368
01001,83412
01001,76528
01001,68450
01001,56750
01001,64737
01001,70827
01001,61850
01001,70263
01001,61339
01001,80614
01001,64236
01001,88289
01001,81847
01001,79405
01001,79483
01001,81292
01001,68051
01001,76953
01001,66884
01001,63214
01001,61319
01001,74521
01001,76311
01001,72524
01001,57355
01001,77697
01001,67361
01001,41676
01001,62500
01001,80744
01001,80313
01001,60172
01001,63017
01001,88289
01001,69976
01001,79273
01001,61346
01001,90224
01001,49521
01001,62001
01001,64991
01001,55507
01001,53837
01001,76454
01001,58411
01001,69990
01001,81194
01001,64675
01001,74239
01001,60846
01001,83178
01001,68125
01001,58474
01001,54687
01001,55477
01001,62823
01001,64654
01001,73615
01001,130088
01001,68431
01001,87069
01001,60047
01001,73795
01001,72866
01001,56455
01001,100783
01001,85218
01001,55756
01001,70816
01001,69699
01001,58001
01001,53851
01001,79267
01001,62008
01001,61366
01001,74774
01001,65972
01001,58409
01001,56983
01001,73988
01001,77952
01001,54842
01001,81033
01001,69183
01001,70693
01001,60095
01001,83229
01001,55576
01001,57306
01001,92660
01001,46701
01001,78036
01001,74175
01001,58962
01001,64403
01001,55971
01001,71047
01001,59203
01001,55360
01001,75728
01001,68167
01001,64737
01001,72927
01001,49552
01001,72822
01001,71237
01001,82785
01001,57649
01001,59819
01001,62500
01001,49571
01001,65020
01001,72822
01001,65740
01001,71016
01001,55088
01001,64494
01001,109506
01001,65344
01001,53813
01001,107843
01001,61355
01001,71769
01001,61834
01001,73124
01001,71878
01001,48028
01001,67870
01001,52034
01001,64266
01001,52323
01001,59304
01001,54280
01001,52817
01001,85427
01001,58856
01001,53668
01001,45456
01001,57204
01001,74446
01001,48162
01001,59000
01001,60313
01001,50182
01001,61849
01001,57562
01001,55114
01001,60550
01001,56992
01001,67302
01001,57127
01001,75730
01001,61824
01001,60183
01001,54286
01001,59191
01001,49930
01001,47923
01001,61497
01001,48750
01001,50911
01001,56673
01001,70617
01001,42063
01001,41048
01001,50027
01001,59425
01001,82735
01001,62940
01001,84778
01001,50175
01001,46203
01001,69229
01001,56495
01001,57279
01001,61904
01001,51999
01001,70071
01001,52679
01001,45441
01001,65374
01001,53123
01001,60482
01001,48656
01001,57551
01001,48937
01001,54787
01001,62564
01001,60828
01001,44634
01001,62721
01001,77688
01001,46191
01001,49795
01001,60236
01001,59275
01001,47445
01001,67317
01001,78520
01001,61205
01001,61980
01001,50512
01001,65060
01001,57844
01001,76011
01001,100360
01001,68705
01001,86359
01001,60313
01001,81675
01001,64769
01001,87640
01001,58983
01001,64219
01001,59800
01001,48338
01001,82095
01001,71443
01001,73051
01001,59097
01001,59353
01001,61222
01001,69311
01001,61314
01001,73396
01001,49902
01001,74624
01001,70217
01001,86247
01001,81318
01001,59500
01001,66551
01001,68958
01001,64212
01001,65559
01001,63602
01001,104434
01001,51250
01001,87084
01001,81071
01001,76393
01001,64295
01001,70156
01001,60302
01001,77684
01001,60594
01001,62482
01001,111951
01001,86775
01001,56292
01001,47681
01001,67877
01001,72748
01001,123041
01001,60668
01001,60181
01001,58842
01001,61992
01001,60254
01001,85634
01001,74159
01001,88576
01001,64103
01001,61476
01001,56093
01001,50061
01001,74946
01001,64798
01001,66870
01001,65429
01001,58739
01001,56898
01001,63923
01001,64691
01001,83703
01001,60779
01001,76350
01001,77493
01001,62321
01001,64412
01001,61705
01001,60614
01001,61415
01001,82374
01001,111521
01001,72926
01001,86687
01001,57948
01001,78824
01001,60698
01001,79318
01001,59840
01001,66901
01001,68435
01001,59378
01001,64758
01001,66930
01001,62932
01001,72894
01001,61626
01001,59013
01001,77487
01001,62182
01001,72468
01001,70268
01001,82238
01001,110926
01001,91278
01001,100859
01001,78204
01001,102478
01001,52112
01001,67940
01001,31603
01001,64683
01001,43206
01001,41800
01001,84819
01001,82327
01001,56690
01001,84320
01001,49047
01001,51216
01001,47620
01001,48887
01001,48779
01001,47419
01001,44038
01001,76896
01001,67092
01001,46972
01001,56650
01001,66734
01001,74624
01001,50635
01001,43059
01001,64623
01001,63503
01001,64343
01001,74751
01001,55517
01001,44145
01001,75014
01001,55344
01001,34501
01001,36293
01001,59670
01001,60193
01001,43214
01001,59411
01001,61699
01001,52957
01001,64195
01001,55990
01001,41200
01001,43471
01001,83060
01001,74130
01001,63082
01001,44569
01001,61275
01001,67341
01001,70239
01001,74043
01001,47000
01001,67692
01001,65000
01001,64850
01001,62885
01001,58794
01001,65080
01001,43750
01001,81958
01001,61401
01001,62270
01001,79556
01001,57928
01001,78125
01001,77266
01001,61056
01001,58000
01001,73818
01001,52432
01001,59231
01001,83194
01001,72054
01001,86375
01001,74766
01001,78981
01001,74459
01001,74279
01001,26686
01001,75417
01001,64688
01001,70221
01001,73792
01001,66766
01001,96552
01001,61169
01001,80847
01001,62024
01001,72500
01001,74161
01001,51364
01001,72589
01001,76074
01001,77500
01001,34769
01001,70768
01001,65455
01001,71726
01001,63691
01001,69870
01001,73011
01001,77000
01001,70250
01001,39148
01001,58854
01001,75283
01001,84137
01001,62722
01001,73855
01001,47333
01001,63171
01001,62197
01001,50435
01001,49655
01001,74607
01001,63789
01001,50260
01001,58092
01001,50391
01001,48435
01001,82015
01001,60543
01001,46587
01001,44712
01001,48416
01001,60656
01001,59049
01001,58475
01001,75664
01001,46190
01001,48484
01001,73223
01001,54973
01001,84764
01001,50865
01001,61553
01001,59009
01001,61476
01001,51351
01001,54071
01001,45573
01001,52794
01001,72568
01001,31995
01001,46173
01001,49149
01001,55278
01001,43513
01001,53471
01001,48540
01001,57223
01001,54475
01001,59333
01001,41475
01001,63084
01001,52152
01001,71662
01001,30500
01001,49205
01001,53233
01001,49477
01001,63115
01001,80296
01001,59674
01001,50714
01001,56269
01001,58189
01001,58103
01001,70829
01001,74162
01001,58395
01001,56648
01001,72365
01001,66687
01001,57408
01001,53102
01001,46159
01001,50489
01001,44591
01001,60227
01001,56537
01001,58133
01001,66218
01001,78439
01001,82588
01001,42679
01001,52260
01001,63829
01001,62337
01001,62799
01001,62052
01001,56802
01001,86005
01001,71736
01001,63190
01001,50381
01001,61858
01001,60281
01001,54088
01001,61051
01001,52824
01001,49502
01001,52206
01001,131202
01001,94048
01001,58846
01001,76902
01001,58847
01001,61754
01001,71958
01001,68462
01001,69413
01001,75994
01001,70625
01001,69703
01001,82730
01001,42313
01001,56075
01001,66051
01001,70571
01001,87564
01001,64250
01001,69339
01001,59295
01001,95155
01001,58388
01001,52612
01001,41188
01001,31310
01001,55305
01001,72888
01001,77158
01001,68503
01001,71870
01001,68455
01001,51334
01001,55061
01001,84583
01001,54328
01001,63485
01001,108114
01001,59830
01001,60333
01001,77355
01001,42137
01001,46431
01001,52364
01001,117588
01001,60165
01001,68554
01001,99015
01001,59946
01001,59632
01001,72472
01001,68904
01001,58819
01001,59915
01001,81739
01001,52197
01001,42672
01001,72332
01001,74149
01001,55789
01001,54114
01001,62855
01001,108185
01001,64014
01001,50417
01001,33409
01001,56648
01001,50081
01001,51741
01001,71031
01001,38500
01001,95898
01001,58859
01001,65351
01001,55372
01001,68377
01001,76541
01001,64700
01001,55461
01001,42212
01001,113409
01001,66800
01001,58460
01001,60098
01001,76605
01001,85348
01001,50545
01001,67799
01001,106806
01001,59556
01001,59355
01001,56082
01001,70455
01001,64809
01001,67080
01001,93776
01001,52788
01001,46728
01001,55339
01001,68299
01001,61179
01001,72532
01001,73104
01001,66040
01001,82122
01001,54044
01001,85827
01001,72052
01001,63955
01001,52281
01001,63147
01001,54810
01001,86802
01001,64725
01001,54563
01001,71457
01001,39336
01001,70112
01001,65470
01001,58125
01001,65693
01001,61752
01001,49919
01001,32625
01001,59934
01001,42230
01001,47492
01001,81826
01001,63472
01001,59103
01001,88606
01001,110498
01001,71420
01001,67927
01001,65703
01001,70192
01001,66341
01001,57612
01001,56304
01001,61122
01001,56997
01001,76919
01001,55469
01001,61768
01001,66000
01001,59975
01001,64773
01001,58109
01001,71442
01001,53869
01001,65636
01001,51087
01001,63367
01001,57411
01001,51919
01001,63888
01001,45833
01001,67128
01001,47447
01001,77083
01001,68750
01001,55174
01001,51270
01001,73462
01001,48191
01001,93984
01001,59076
01001,64494
01001,56033
01001,62818
01001,97266
01001,61325
01001,55082
01001,62857
01001,51528
01001,59310
01001,41044
01001,50160
01001,66021
01001,64988
01001,76402
01001,73372
01001,64972
01001,62593
01001,102099
01001,68164
01001,67689
01001,59066
01001,50448
01001,29014
01001,64874
01001,80905
01001,70288
01001,45417
01001,46912
01001,56056
01001,58016
01001,66118
01001,66250
01001,124917
01001,63490
01001,67506
01001,59924
01001,46338
01001,59526
01001,67512
01001,54855
01001,90141
01001,62689
01001,64659
01001,50436
01001,74167
01001,71923
01001,83382
01001,38182
01001,54695
01001,78750
01001,61250
01001,75000
01001,39031
01001,81905
01001,66406
01001,46989
01001,45905
01001,58864
01001,59220
01001,66254
01001,97169
01001,51663
01001,50647
01001,62794
01001,52321
01001,57849
01001,59673
01001,68274
01001,70101
01001,49862
01001,76135
01001,71719
01001,75085
01001,62506
01001,66100
01001,67964
01001,62168
01001,51626
01001,45645
01001,108309
01001,92461
01001,91898
01001,89897
01001,62524
01001,82261
01001,63723
01001,36527
01001,41887
01001,85603
01001,77865
01001,78292
01001,53673
01001,58750
01001,108058
01001,74738
01001,69956
01001,61688
01001,62521
01001,65527
01001,89803
01001,75000
01001,70877
01001,126092
01001,44650
01001,76875
01001,94658
01001,54890
01001,67459
01001,73765
01001,137058
01001,101846
01001,69861
01001,96877
01001,115146
01001,76411
01001,70074
01001,87083
01001,88478
01001,71494
01001,66075
01001,94310
01001,58985
01001,79078
01001,90625
01001,69897
01001,77328
01001,66426
01001,64778
01001,79853
01001,68021
01001,75247
01001,57500
01001,102617
01001,55160
01001,66339
01001,67298
01001,62337
01001,140160
01001,79972
01001,61709
01001,77644
01001,61375
01001,80467
01001,52978
01001,42216
01001,59199
01001,62608
01001,86267
01001,52575
01001,70339
01001,48892
01001,98910
01001,114185
01001,67778
01001,96098
01001,57057
01001,43831
01001,83898
01001,56481
01001,150113
01001,129495
01001,61401
01001,91959
01001,68348
01001,95603
01001,64819
01001,83689
01001,118695
01001,42864
01001,85268
01001,56759
01001,49244
01001,109504
01001,86397
01001,48445
01001,62946
01001,96118
01001,107046
01001,72851
01001,110517
01001,85212
01001,67169
01001,42269
01001,178707
01001,80343
01001,54460
01001,82972
01001,75487
01001,51691
01001,74154
01001,70769
01001,68525
01001,120125
01001,55933
01001,69500
01001,62161
01001,94175
01001,59396
01001,50938
01001,54115
01001,110667
01001,55082
01001,88225
01001,128873
01001,60767
01001,98125
01001,64184
01001,82931
01001,63975
01001,78468
01001,49020
01001,45136
01001,64437
01001,46859
01001,68465
01001,109576
01001,133792
01001,71458
01001,62821
01001,45788
01001,84331
01001,62774
01001,59766
01001,50740
01001,55359
01001,108326
01001,113638
01001,44706
01001,54458
01001,69829
01001,94189
01001,76250
01001,42724
01001,42778
01001,49375
01001,132774
01001,154734
01001,65125
01001,85368
01001,41438
01001,67758
01001,59752
01001,48681
01001,89598
01001,59808
01001,117919
01001,100668
01001,42434
01001,66718
01001,64017
01001,38497
01001,50741
01001,120919
01001,58972
01001,52791
01001,62671
01001,52671
01001,66716
01001,62586
01001,90089
01001,90685
01001,56364
01001,70206
01001,64648
01001,65042
01001,69107
01001,87316
01001,78306
01001,67999
01001,94948
01001,71528
01001,72932
01001,80374
01001,54650
01001,82755
01001,62411
01001,71115
01001,63539
01001,88358
01001,71143
01001,122148
01001,98546
01001,69928
01001,70400
01001,69690
01001,71227
01001,78359
01001,60293
01001,62350
01001,63750
01001,96632
01001,83682
01001,85474
01001,90085
01001,107982
01001,73513
01001,67405
01001,93985
01001,57091
01001,72212
01001,80989
01001,52893
01001,68015
01001,48347
01001,77329
01001,56152
01001,44449
01001,52116
01001,52828
01001,41421
01001,42790
01001,61164
01001,52672
01001,50991
01001,61530
01001,48662
01001,60299
01001,61017
01001,49302
01001,58326
01001,55671
01001,95523
01001,58887
01001,52279
01001,48593
01001,47237
01001,29980
01001,67537
01001,60329
01001,53454
01001,47799
01001,68049
01001,39527
01001,62704
01001,54508
01001,63805
01001,49280
01001,57867
01001,61738
01001,61038
01001,41200
01001,61373
01001,77871
01001,52055
01001,55057
01001,50256
01001,45194
01001,42544
01001,56807
01001,53475
01001,58293
01001,51859
01001,55539
01001,42061
01001,53341
01001,54688
01001,56193
01001,48038
01001,59153
01001,57645
01001,64619
01001,69609
01001,77490
01001,68722
01001,61664
01001,87700
01001,74009
01001,66250
01001,82792
01001,63496
01001,88108
01001,73992
01001,71785
01001,72579
01001,71785
01001,71834
01001,62786
01001,73154
01001,59727
01001,64349
01001,80248
01001,66917
01001,83372
01001,59058
01001,65508
01001,80604
01001,65150
01001,79412
01001,80085
01001,70704
01001,72091
01001,57258
01001,67726
01001,68611
01001,76185
01001,63401
01001,63471
01001,59528
01001,62118
01001,68213
01001,75886
01001,69621
01001,82857
01001,96734
01001,74536
01001,88802
01001,76208
01001,73284
01001,58720
01001,75331
01001,62649
01001,74390
01001,58322
01001,102482
01001,77648
01001,59055
01001,67032
01001,71898
01001,63142
01001,71295
01001,69556
01001,67132
01001,77359
01001,61270
01001,95851
01001,104100
01001,71189
01001,64968
01001,72873
01001,66417
01001,59881
01001,60547
01001,95253
01001,66721
01001,79164
01001,71209
01001,64646
01001,64882
01001,64375
01001,63905
01001,77884
01001,86092
01001,71247
01001,48987
01001,70533
01001,66299
01001,70855
01001,82791
01001,76464
01001,112681
01001,82672
01001,62648
01001,87545
01001,18605
01001,21694
01001,19826
01001,22361
01001,21714
01001,23591
01001,23175
01001,18931
01001,21750
01001,22167
01001,30729
01001,25720
01001,30113
01001,26094
01001,27278
01001,35126
01001,24307
01001,28461
01001,23204
01001,20614
01001,27149
01001,20797
01001,17254
01001,23933
01001,27614
01001,33388
01001,25170
01001,21213
01001,16210
01001,20273
01001,21400
01001,46048
01001,39532
01001,28001
01001,24862
01001,26083
01001,20484
01001,18413
01001,23823
01001,28196
01001,18920
01001,19323
01001,16170
01001,25697
01001,22500
01001,23769
01001,20352
01001,20541
01001,19363
01001,17963
01001,21415
01001,23010
01001,21416
01001,21399
01001,19062
01001,23422
01001,20959
01001,18827
01001,23624
01001,25223
01001,26745
01001,20564
01001,21611
01001,17921
01001,26981
01001,21320
01001,17834
01001,23197
01001,33349
01001,29648
01001,38773
01001,17624
01001,25235
01001,23877
01001,17531
01001,24882
01001,21279
01001,21918
