FIPS,MODAL_YEAR_BUILT_BIN,MEDIAN_YEAR_BUILT
01001,built_2000_to_2009,1993
01003,built_2000_to_2009,1998
01005,built_1990_to_1999,1982
01007,built_2000_to_2009,1986
01009,built_1990_to_1999,1989
01011,built_1990_to_1999,1988
01013,built_1970_to_1979,1980
01015,built_1970_to_1979,1979
01017,built_1970_to_1979,1979
01019,built_1990_to_1999,1987
01021,built_2000_to_2009,1987
01023,built_1970_to_1979,1983
01025,built_1990_to_1999,1982
01027,built_1990_to_1999,1983
01029,built_1990_to_1999,1986
01031,built_1970_to_1979,1986
01033,built_1970_to_1979,1980
01035,built_1990_to_1999,1985
01037,built_1990_to_1999,1986
01039,built_1990_to_1999,1981
01041,built_1970_to_1979,1981
01043,built_1990_to_1999,1985
01045,built_1970_to_1979,1982
01047,built_1970_to_1979,1975
01049,built_1990_to_1999,1984
01051,built_2000_to_2009,1995
01053,built_1990_to_1999,1984
01055,built_1970_to_1979,1975
01057,built_1970_to_1979,1980
01059,built_1990_to_1999,1983
01061,built_1990_to_1999,1981
01063,built_1980_to_1989,1982
01065,built_1990_to_1999,1986
01067,built_1970_to_1979,1982
01069,built_1970_to_1979,1984
01071,built_1990_to_1999,1983
01073,built_1970_to_1979,1975
01075,built_1970_to_1979,1978
01077,built_1990_to_1999,1980
01079,built_1990_to_1999,1990
01081,built_2000_to_2009,1997
01083,built_2010_to_2019,1996
01085,built_1990_to_1999,1990
01087,built_1970_to_1979,1979
01089,built_2000_to_2009,1991
01091,built_1990_to_1999,1983
01093,built_1970_to_1979,1978
01095,built_1990_to_1999,1985
01097,built_1970_to_1979,1979
01099,built_1980_to_1989,1983
01101,built_1970_to_1979,1979
01103,built_1970_to_1979,1983
01105,built_1980_to_1989,1985
01107,built_1990_to_1999,1981
01109,built_1990_to_1999,1988
01111,built_2000_to_2009,1987
01113,built_1970_to_1979,1983
01115,built_2000_to_2009,1997
01117,built_2000_to_2009,1997
01119,built_1970_to_1979,1980
01121,built_1990_to_1999,1983
01123,built_1990_to_1999,1984
01125,built_2000_to_2009,1992
01127,built_1970_to_1979,1982
01129,built_1970_to_1979,1983
01131,built_1990_to_1999,1985
01133,built_1990_to_1999,1987
02013,built_1980_to_1989,1981
02016,built_1990_to_1999,1988
02020,built_1970_to_1979,1982
02050,built_1980_to_1989,1988
02060,built_1970_to_1979,1984
02063,built_1970_to_1979,1979
02066,built_1980_to_1989,1985
02068,built_1980_to_1989,1989
02070,built_1980_to_1989,1985
02090,built_1980_to_1989,1985
02100,built_1980_to_1989,1988
02105,built_1980_to_1989,1984
02110,built_1970_to_1979,1981
02122,built_1980_to_1989,1989
02130,built_1970_to_1979,1976
02150,built_1980_to_1989,1985
02158,built_1970_to_1979,1988
02164,built_1980_to_1989,1985
02170,built_2000_to_2009,1996
02180,built_1980_to_1989,1984
02185,built_1970_to_1979,1984
02188,built_1980_to_1989,1985
02195,built_1980_to_1989,1980
02198,built_1980_to_1989,1986
02220,built_1980_to_1989,1979
02230,built_1980_to_1989,1984
02240,built_1980_to_1989,1988
02275,built_1970_to_1979,1975
02282,built_1970_to_1979,1983
02290,built_1980_to_1989,1985
04001,built_1990_to_1999,1988
04003,built_2000_to_2009,1986
04005,built_1980_to_1989,1990
04007,built_1970_to_1979,1985
04009,built_2000_to_2009,1987
04011,built_1970_to_1979,1981
04012,built_1970_to_1979,1986
04013,built_2000_to_2009,1992
04015,built_2000_to_2009,1994
04017,built_2000_to_2009,1988
04019,built_1970_to_1979,1986
04021,built_2000_to_2009,2003
04023,built_2000_to_2009,1990
04025,built_2000_to_2009,1994
04027,built_2000_to_2009,1994
05001,built_1970_to_1979,1976
05003,built_1970_to_1979,1977
05005,built_1970_to_1979,1983
05007,built_2000_to_2009,1999
05009,built_1970_to_1979,1984
05011,built_1970_to_1979,1977
05013,built_1960_to_1969,1980
05015,built_1990_to_1999,1989
05017,built_1970_to_1979,1978
05019,built_1980_to_1989,1986
05021,built_1970_to_1979,1973
05023,built_1970_to_1979,1988
05025,built_1970_to_1979,1986
05027,built_1980_to_1989,1981
05029,built_1970_to_1979,1982
05031,built_2010_to_2019,1991
05033,built_1990_to_1999,1990
05035,built_1970_to_1979,1983
05037,built_1970_to_1979,1980
05039,built_1970_to_1979,1978
05041,built_1970_to_1979,1976
05043,built_1970_to_1979,1984
05045,built_2000_to_2009,1997
05047,built_1980_to_1989,1984
05049,built_1970_to_1979,1983
05051,built_1970_to_1979,1984
05053,built_1970_to_1979,1989
05055,built_1970_to_1979,1989
05057,built_1970_to_1979,1980
05059,built_1970_to_1979,1979
05061,built_1970_to_1979,1979
05063,built_1990_to_1999,1987
05065,built_1970_to_1979,1983
05067,built_1970_to_1979,1974
05069,built_1970_to_1979,1976
05071,built_1990_to_1999,1985
05073,built_1970_to_1979,1977
05075,built_1970_to_1979,1977
05077,built_1960_to_1969,1971
05079,built_1990_to_1999,1985
05081,built_1970_to_1979,1980
05083,built_1970_to_1979,1979
05085,built_2000_to_2009,1997
05087,built_1990_to_1999,1990
05089,built_1970_to_1979,1985
05091,built_1990_to_1999,1983
05093,built_1970_to_1979,1978
05095,built_1970_to_1979,1976
05097,built_2000_to_2009,1989
05099,built_1980_to_1989,1981
05101,built_1970_to_1979,1981
05103,built_1980_to_1989,1974
05105,built_1980_to_1989,1988
05107,built_1970_to_1979,1975
05109,built_1980_to_1989,1983
05111,built_1970_to_1979,1978
05113,built_1990_to_1999,1985
05115,built_1990_to_1999,1988
05117,built_1960_to_1969,1979
05119,built_1970_to_1979,1980
05121,built_1970_to_1979,1979
05123,built_1980_to_1989,1980
05125,built_2000_to_2009,1997
05127,built_1970_to_1979,1979
05129,built_1970_to_1979,1980
05131,built_1970_to_1979,1980
05133,built_1970_to_1979,1980
05135,built_1970_to_1979,1978
05137,built_1990_to_1999,1988
05139,built_1970_to_1979,1977
05141,built_1970_to_1979,1986
05143,built_2000_to_2009,1994
05145,built_1990_to_1999,1992
05147,built_1970_to_1979,1978
05149,built_1970_to_1979,1983
06001,built_1970_to_1979,1969
06003,built_1970_to_1979,1981
06005,built_1970_to_1979,1983
06007,built_1970_to_1979,1980
06009,built_1980_to_1989,1987
06011,built_2000_to_2009,1979
06013,built_1970_to_1979,1978
06015,built_1990_to_1999,1982
06017,built_1970_to_1979,1983
06019,built_1970_to_1979,1981
06021,built_1970_to_1979,1978
06023,built_1970_to_1979,1973
06025,built_2000_to_2009,1988
06027,built_1970_to_1979,1973
06029,built_2000_to_2009,1984
06031,built_2000_to_2009,1986
06033,built_1970_to_1979,1980
06035,built_1970_to_1979,1977
06037,built_1950_to_1959,1965
06039,built_2000_to_2009,1988
06041,built_1970_to_1979,1966
06043,built_1980_to_1989,1986
06045,built_1970_to_1979,1977
06047,built_2000_to_2009,1984
06049,built_1970_to_1979,1976
06051,built_1970_to_1979,1980
06053,built_1970_to_1979,1975
06055,built_1970_to_1979,1976
06057,built_1980_to_1989,1983
06059,built_1970_to_1979,1977
06061,built_2000_to_2009,1994
06063,built_1970_to_1979,1980
06065,built_2000_to_2009,1990
06067,built_1970_to_1979,1980
06069,built_1990_to_1999,1988
06071,built_1980_to_1989,1983
06073,built_1970_to_1979,1980
06075,built_1940_to_1949,1945
06077,built_2000_to_2009,1983
06079,built_1980_to_1989,1983
06081,built_1950_to_1959,1966
06083,built_1960_to_1969,1974
06085,built_1970_to_1979,1975
06087,built_1970_to_1979,1973
06089,built_1970_to_1979,1982
06091,built_1980_to_1989,1974
06093,built_1970_to_1979,1976
06095,built_1980_to_1989,1982
06097,built_1970_to_1979,1979
06099,built_1970_to_1979,1981
06101,built_2000_to_2009,1981
06103,built_1980_to_1989,1981
06105,built_1970_to_1979,1977
06107,built_1970_to_1979,1983
06109,built_1970_to_1979,1979
06111,built_1970_to_1979,1977
06113,built_1970_to_1979,1982
06115,built_2000_to_2009,1985
08001,built_2000_to_2009,1990
08003,built_2000_to_2009,1984
08005,built_1970_to_1979,1985
08007,built_2000_to_2009,1994
08009,built_1970_to_1979,1968
08011,built_1970_to_1979,1961
08013,built_1970_to_1979,1986
08014,built_2010_to_2019,2001
08015,built_2000_to_2009,1992
08017,built_1970_to_1979,1969
08019,built_1970_to_1979,1976
08021,built_1980_to_1989,1978
08023,built_2000_to_2009,1986
08025,built_1980_to_1989,1965
08027,built_2000_to_2009,1990
08029,built_1970_to_1979,1979
08031,built_2010_to_2019,1974
08033,built_1980_to_1989,1978
08035,built_2000_to_2009,2001
08037,built_1990_to_1999,1992
08039,built_1990_to_1999,1996
08041,built_2000_to_2009,1988
08043,built_1970_to_1979,1980
08045,built_2000_to_2009,1992
08047,built_1990_to_1999,1982
08049,built_2000_to_2009,1990
08051,built_2000_to_2009,1988
08053,built_1980_to_1989,1983
08055,built_1990_to_1999,1976
08057,built_1970_to_1979,1977
08059,built_1970_to_1979,1980
08061,built_1950_to_1959,1961
08063,built_1970_to_1979,1970
08065,built_1970_to_1979,1971
08067,built_2000_to_2009,1991
08069,built_2000_to_2009,1993
08071,built_1990_to_1999,1971
08073,built_1980_to_1989,1969
08075,built_1950_to_1959,1962
08077,built_1970_to_1979,1987
08079,built_1980_to_1989,1986
08081,built_1970_to_1979,1977
08083,built_1990_to_1999,1985
08085,built_2000_to_2009,1991
08087,built_1970_to_1979,1975
08089,built_1970_to_1979,1957
08091,built_2000_to_2009,1994
08093,built_2000_to_2009,1989
08095,built_1970_to_1979,1968
08097,built_1970_to_1979,1985
08099,built_1980_to_1989,1974
08101,built_1970_to_1979,1974
08103,built_1970_to_1979,1980
08105,built_1980_to_1989,1981
08107,built_2000_to_2009,1992
08109,built_2000_to_2009,1986
08111,built_1980_to_1989,1976
08113,built_1990_to_1999,1993
08115,built_1950_to_1959,1953
08117,built_1970_to_1979,1989
08119,built_1990_to_1999,1989
08121,built_1970_to_1979,1960
08123,built_2000_to_2009,2000
08125,built_1970_to_1979,1967
09110,built_1950_to_1959,1966
09120,built_1950_to_1959,1959
09130,built_1970_to_1979,1972
09140,built_1970_to_1979,1969
09150,built_1980_to_1989,1973
09160,built_1980_to_1989,1966
09170,built_1950_to_1959,1963
09180,built_1970_to_1979,1969
09190,built_1970_to_1979,1971
10001,built_2000_to_2009,1993
10003,built_1950_to_1959,1975
10005,built_2000_to_2009,1999
11001,built_2010_to_2019,1957
12001,built_1980_to_1989,1987
12003,built_2000_to_2009,1994
12005,built_2000_to_2009,1992
12007,built_1980_to_1989,1985
12009,built_1980_to_1989,1987
12011,built_1970_to_1979,1980
12013,built_1990_to_1999,1987
12015,built_1980_to_1989,1990
12017,built_1980_to_1989,1989
12019,built_2000_to_2009,1995
12021,built_1990_to_1999,1996
12023,built_1990_to_1999,1991
12027,built_2000_to_2009,1989
12029,built_1980_to_1989,1988
12031,built_2000_to_2009,1986
12033,built_1970_to_1979,1983
12035,built_2000_to_2009,2001
12037,built_1980_to_1989,1986
12039,built_2000_to_2009,1983
12041,built_1990_to_1999,1997
12043,built_1980_to_1989,1989
12045,built_2000_to_2009,1996
12047,built_1990_to_1999,1989
12049,built_1970_to_1979,1985
12051,built_1980_to_1989,1990
12053,built_1980_to_1989,1990
12055,built_1980_to_1989,1986
12057,built_2000_to_2009,1990
12059,built_1970_to_1979,1983
12061,built_2000_to_2009,1991
12063,built_1970_to_1979,1982
12065,built_1990_to_1999,1988
12067,built_1990_to_1999,1989
12069,built_2000_to_2009,1996
12071,built_2000_to_2009,1995
12073,built_1980_to_1989,1988
12075,built_1990_to_1999,1991
12077,built_1990_to_1999,1992
12079,built_1990_to_1999,1987
12081,built_2000_to_2009,1990
12083,built_2000_to_2009,1992
12085,built_1980_to_1989,1986
12086,built_1970_to_1979,1980
12087,built_1980_to_1989,1982
12089,built_2000_to_2009,1998
12091,built_1980_to_1989,1990
12093,built_1980_to_1989,1988
12095,built_2000_to_2009,1993
12097,built_2000_to_2009,2001
12099,built_1980_to_1989,1986
12101,built_2000_to_2009,1991
12103,built_1970_to_1979,1976
12105,built_2000_to_2009,1991
12107,built_1980_to_1989,1984
12109,built_2000_to_2009,2002
12111,built_2000_to_2009,1994
12113,built_2000_to_2009,1997
12115,built_1970_to_1979,1987
12117,built_1980_to_1989,1988
12119,built_2000_to_2009,2005
12121,built_1990_to_1999,1991
12123,built_1980_to_1989,1986
12125,built_1990_to_1999,1991
12127,built_1980_to_1989,1986
12129,built_2000_to_2009,1997
12131,built_2000_to_2009,2000
12133,built_1990_to_1999,1987
13001,built_1990_to_1999,1984
13003,built_1990_to_1999,1991
13005,built_2000_to_2009,1984
13007,built_1990_to_1999,1978
13009,built_1990_to_1999,1986
13011,built_2000_to_2009,1992
13013,built_2000_to_2009,2000
13015,built_1990_to_1999,1993
13017,built_1990_to_1999,1981
13019,built_1990_to_1999,1989
13021,built_1970_to_1979,1976
13023,built_2000_to_2009,1982
13025,built_2000_to_2009,1993
13027,built_1990_to_1999,1985
13029,built_2010_to_2019,2004
13031,built_2000_to_2009,1994
13033,built_1970_to_1979,1984
13035,built_2000_to_2009,1994
13037,built_1970_to_1979,1977
13039,built_2000_to_2009,1994
13043,built_1990_to_1999,1987
13045,built_2000_to_2009,1991
13047,built_2000_to_2009,1992
13049,built_1990_to_1999,1986
13051,built_2000_to_2009,1985
13053,built_1970_to_1979,1978
13055,built_1970_to_1979,1977
13057,built_2000_to_2009,2000
13059,built_2000_to_2009,1987
13061,built_1990_to_1999,1986
13063,built_2000_to_2009,1988
13065,built_1980_to_1989,1979
13067,built_1980_to_1989,1989
13069,built_1990_to_1999,1988
13071,built_1990_to_1999,1987
13073,built_2010_to_2019,1998
13075,built_1990_to_1999,1984
13077,built_2000_to_2009,1998
13079,built_1990_to_1999,1992
13081,built_1990_to_1999,1983
13083,built_2000_to_2009,1988
13085,built_2000_to_2009,1997
13087,built_1990_to_1999,1987
13089,built_1970_to_1979,1983
13091,built_1980_to_1989,1981
13093,built_1970_to_1979,1980
13095,built_1970_to_1979,1975
13097,built_2000_to_2009,1996
13099,built_1990_to_1999,1984
13101,built_1990_to_1999,1990
13103,built_2000_to_2009,2001
13105,built_1980_to_1989,1979
13107,built_1970_to_1979,1981
13109,built_1990_to_1999,1986
13111,built_2000_to_2009,1994
13113,built_1990_to_1999,1993
13115,built_1970_to_1979,1977
13117,built_2000_to_2009,2004
13119,built_1990_to_1999,1989
13121,built_2000_to_2009,1992
13123,built_2000_to_2009,1997
13125,built_2000_to_2009,1988
13127,built_2000_to_2009,1987
13129,built_2000_to_2009,1986
13131,built_1990_to_1999,1990
13133,built_2000_to_2009,1996
13135,built_2000_to_2009,1995
13137,built_1990_to_1999,1992
13139,built_2000_to_2009,1995
13141,built_1990_to_1999,1989
13143,built_1990_to_1999,1989
13145,built_2000_to_2009,1996
13147,built_1990_to_1999,1986
13149,built_1980_to_1989,1984
13151,built_2000_to_2009,2000
13153,built_2000_to_2009,1994
13155,built_1990_to_1999,1981
13157,built_2000_to_2009,2001
13159,built_2000_to_2009,1990
13161,built_1990_to_1999,1986
13163,built_1990_to_1999,1982
13165,built_1990_to_1999,1979
13167,built_1990_to_1999,1984
13169,built_2000_to_2009,1990
13171,built_2000_to_2009,1987
13173,built_2000_to_2009,1994
13175,built_1990_to_1999,1988
13177,built_1990_to_1999,1998
13179,built_1990_to_1999,1993
13181,built_1990_to_1999,1984
13183,built_2010_to_2019,1998
13185,built_2000_to_2009,1992
13187,built_2000_to_2009,1997
13189,built_1980_to_1989,1985
13191,built_2000_to_2009,1997
13193,built_1970_to_1979,1979
13195,built_1990_to_1999,1990
13197,built_2000_to_2009,1993
13199,built_1990_to_1999,1984
13201,built_1970_to_1979,1978
13205,built_1970_to_1979,1979
13207,built_2000_to_2009,1995
13209,built_1990_to_1999,1990
13211,built_2000_to_2009,1994
13213,built_1990_to_1999,1993
13215,built_1970_to_1979,1978
13217,built_2000_to_2009,1998
13219,built_2000_to_2009,1996
13221,built_2000_to_2009,1988
13223,built_2000_to_2009,2001
13225,built_1990_to_1999,1986
13227,built_2000_to_2009,1995
13229,built_1990_to_1999,1989
13231,built_2000_to_2009,1993
13233,built_2000_to_2009,1983
13235,built_1980_to_1989,1982
13237,built_1980_to_1989,1990
13239,built_1990_to_1999,1988
13241,built_1980_to_1989,1987
13243,built_1990_to_1999,1980
13245,built_1970_to_1979,1980
13247,built_2000_to_2009,1988
13249,built_2000_to_2009,1993
13251,built_1990_to_1999,1982
13253,built_1970_to_1979,1980
13255,built_2000_to_2009,1984
13257,built_1980_to_1989,1983
13259,built_1990_to_1999,1984
13261,built_1970_to_1979,1979
13263,built_1990_to_1999,1989
13265,built_1970_to_1979,1975
13267,built_1990_to_1999,1986
13269,built_1990_to_1999,1986
13271,built_1970_to_1979,1977
13273,built_1970_to_1979,1975
13275,built_1990_to_1999,1986
13277,built_1990_to_1999,1985
13279,built_1970_to_1979,1984
13281,built_1990_to_1999,1994
13283,built_1970_to_1979,1982
13285,built_2000_to_2009,1984
13287,built_1990_to_1999,1977
13289,built_1980_to_1989,1985
13291,built_2000_to_2009,1994
13293,built_1980_to_1989,1976
13295,built_1970_to_1979,1978
13297,built_2000_to_2009,1997
13299,built_1970_to_1979,1977
13301,built_1970_to_1979,1979
13303,built_1990_to_1999,1982
13305,built_2000_to_2009,1988
13307,built_1990_to_1999,1989
13309,built_1970_to_1979,1982
13311,built_1990_to_1999,1994
13313,built_1980_to_1989,1986
13315,built_1970_to_1979,1978
13317,built_1970_to_1979,1976
13319,built_1980_to_1989,1983
13321,built_1990_to_1999,1986
15001,built_2000_to_2009,1988
15003,built_1970_to_1979,1977
15005,built_1950_to_1959,1938
15007,built_1970_to_1979,1983
15009,built_1970_to_1979,1985
16001,built_2000_to_2009,1996
16003,built_2000_to_2009,1984
16005,built_1970_to_1979,1975
16007,built_1970_to_1979,1971
16009,built_1970_to_1979,1978
16011,built_1970_to_1979,1977
16013,built_1990_to_1999,1987
16015,built_1990_to_1999,1991
16017,built_2000_to_2009,1990
16019,built_2000_to_2009,1985
16021,built_1990_to_1999,1990
16023,built_1970_to_1979,1971
16025,built_2000_to_2009,1991
16027,built_2000_to_2009,1998
16029,built_1970_to_1979,1973
16031,built_1970_to_1979,1975
16033,built_1970_to_1979,1978
16035,built_1970_to_1979,1975
16037,built_1990_to_1999,1987
16039,built_2000_to_2009,1985
16041,built_2000_to_2009,1972
16043,built_1970_to_1979,1979
16045,built_1970_to_1979,1982
16047,built_1970_to_1979,1976
16049,built_1970_to_1979,1979
16051,built_2000_to_2009,1991
16053,built_1970_to_1979,1983
16055,built_2000_to_2009,1995
16057,built_1970_to_1979,1978
16059,built_1970_to_1979,1979
16061,built_1970_to_1979,1965
16063,built_1990_to_1999,1987
16065,built_2010_to_2019,2002
16067,built_1970_to_1979,1976
16069,built_1970_to_1979,1972
16071,built_1990_to_1999,1963
16073,built_1970_to_1979,1982
16075,built_1970_to_1979,1978
16077,built_1970_to_1979,1975
16079,built_1950_to_1959,1958
16081,built_2000_to_2009,2001
16083,built_2000_to_2009,1980
16085,built_2000_to_2009,1993
16087,built_1970_to_1979,1974
17001,built_1950_to_1959,1964
17003,built_1970_to_1979,1969
17005,built_1990_to_1999,1974
17007,built_2000_to_2009,1981
17009,built_1970_to_1979,1960
17011,built_1970_to_1979,1957
17013,built_1990_to_1999,1968
17015,built_1950_to_1959,1959
17017,built_1970_to_1979,1967
17019,built_2000_to_2009,1982
17021,built_1970_to_1979,1963
17023,built_1970_to_1979,1969
17025,built_1990_to_1999,1973
17027,built_1970_to_1979,1977
17029,built_1970_to_1979,1970
17031,built_1950_to_1959,1961
17033,built_1950_to_1959,1965
17035,built_1970_to_1979,1969
17037,built_2000_to_2009,1978
17039,built_1970_to_1979,1961
17041,built_1970_to_1979,1968
17043,built_1970_to_1979,1978
17045,built_1970_to_1979,1964
17047,built_1970_to_1979,1968
17049,built_1970_to_1979,1978
17051,built_1970_to_1979,1970
17053,built_1950_to_1959,1955
17055,built_1970_to_1979,1965
17057,built_1970_to_1979,1959
17059,built_1970_to_1979,1971
17061,built_1970_to_1979,1956
17063,built_2000_to_2009,1990
17065,built_1950_to_1959,1971
17067,built_1970_to_1979,1963
17069,built_1980_to_1989,1973
17071,built_1970_to_1979,1973
17073,built_1970_to_1979,1961
17075,built_1970_to_1979,1960
17077,built_1970_to_1979,1976
17079,built_2000_to_2009,1974
17081,built_1970_to_1979,1977
17083,built_2000_to_2009,1975
17085,built_1990_to_1999,1976
17087,built_2000_to_2009,1985
17089,built_2000_to_2009,1984
17091,built_1970_to_1979,1971
17093,built_2000_to_2009,2001
17095,built_1970_to_1979,1956
17097,built_1990_to_1999,1982
17099,built_1950_to_1959,1963
17101,built_1960_to_1969,1963
17103,built_1970_to_1979,1962
17105,built_1970_to_1979,1961
17107,built_1970_to_1979,1964
17109,built_1970_to_1979,1966
17111,built_1990_to_1999,1989
17113,built_1970_to_1979,1981
17115,built_1950_to_1959,1964
17117,built_1970_to_1979,1966
17119,built_1950_to_1959,1970
17121,built_1970_to_1979,1973
17123,built_1970_to_1979,1962
17125,built_1970_to_1979,1962
17127,built_1990_to_1999,1975
17129,built_1990_to_1999,1975
17131,built_1970_to_1979,1960
17133,built_2000_to_2009,1990
17135,built_1970_to_1979,1963
17137,built_1970_to_1979,1966
17139,built_1970_to_1979,1967
17141,built_1970_to_1979,1972
17143,built_1970_to_1979,1966
17145,built_1970_to_1979,1973
17147,built_1970_to_1979,1972
17149,built_1960_to_1969,1960
17151,built_1990_to_1999,1989
17153,built_1960_to_1969,1968
17155,built_1970_to_1979,1975
17157,built_1970_to_1979,1972
17159,built_1970_to_1979,1973
17161,built_1960_to_1969,1962
17163,built_1950_to_1959,1975
17165,built_1970_to_1979,1970
17167,built_1970_to_1979,1973
17169,built_1970_to_1979,1971
17171,built_1960_to_1969,1962
17173,built_1970_to_1979,1965
17175,built_1970_to_1979,1956
17177,built_1970_to_1979,1959
17179,built_1970_to_1979,1969
17181,built_1970_to_1979,1975
17183,built_1970_to_1979,1958
17185,built_1970_to_1979,1967
17187,built_1970_to_1979,1956
17189,built_1970_to_1979,1970
17191,built_1970_to_1979,1973
17193,built_1940_to_1949,1961
17195,built_1950_to_1959,1960
17197,built_2000_to_2009,1992
17199,built_2000_to_2009,1981
17201,built_1970_to_1979,1971
17203,built_1970_to_1979,1973
18001,built_1980_to_1989,1970
18003,built_1970_to_1979,1976
18005,built_1990_to_1999,1978
18007,built_1950_to_1959,1952
18009,built_1950_to_1959,1959
18011,built_2010_to_2019,1994
18013,built_1970_to_1979,1982
18015,built_1970_to_1979,1965
18017,built_1970_to_1979,1955
18019,built_2000_to_2009,1981
18021,built_1990_to_1999,1972
18023,built_1960_to_1969,1958
18025,built_1990_to_1999,1985
18027,built_2000_to_2009,1974
18029,built_1990_to_1999,1982
18031,built_1970_to_1979,1973
18033,built_1990_to_1999,1975
18035,built_1960_to_1969,1966
18037,built_1980_to_1989,1981
18039,built_1990_to_1999,1977
18041,built_1970_to_1979,1961
18043,built_1990_to_1999,1978
18045,built_1970_to_1979,1964
18047,built_1990_to_1999,1983
18049,built_1970_to_1979,1970
18051,built_1970_to_1979,1973
18053,built_1950_to_1959,1963
18055,built_1990_to_1999,1977
18057,built_2000_to_2009,2000
18059,built_1990_to_1999,1991
18061,built_1990_to_1999,1987
18063,built_2000_to_2009,1997
18065,built_1950_to_1959,1959
18067,built_1960_to_1969,1968
18069,built_1990_to_1999,1964
18071,built_1990_to_1999,1978
18073,built_1990_to_1999,1983
18075,built_1960_to_1969,1958
18077,built_1970_to_1979,1972
18079,built_1990_to_1999,1982
18081,built_1990_to_1999,1992
18083,built_1970_to_1979,1963
18085,built_1990_to_1999,1979
18087,built_1990_to_1999,1982
18089,built_1950_to_1959,1968
18091,built_1970_to_1979,1968
18093,built_1990_to_1999,1975
18095,built_1960_to_1969,1965
18097,built_1960_to_1969,1972
18099,built_1990_to_1999,1973
18101,built_1990_to_1999,1980
18103,built_1970_to_1979,1962
18105,built_1990_to_1999,1986
18107,built_1960_to_1969,1965
18109,built_1990_to_1999,1980
18111,built_1970_to_1979,1971
18113,built_1990_to_1999,1975
18115,built_1990_to_1999,1977
18117,built_1990_to_1999,1978
18119,built_1990_to_1999,1979
18121,built_1970_to_1979,1973
18123,built_1960_to_1969,1973
18125,built_1970_to_1979,1973
18127,built_1970_to_1979,1981
18129,built_1970_to_1979,1976
18131,built_1990_to_1999,1969
18133,built_1990_to_1999,1979
18135,built_1970_to_1979,1957
18137,built_1990_to_1999,1977
18139,built_1950_to_1959,1954
18141,built_1950_to_1959,1968
18143,built_1990_to_1999,1981
18145,built_1970_to_1979,1971
18147,built_1990_to_1999,1979
18149,built_1970_to_1979,1973
18151,built_1990_to_1999,1980
18153,built_1990_to_1999,1972
18155,built_1990_to_1999,1988
18157,built_2000_to_2009,1986
18159,built_1970_to_1979,1963
18161,built_1970_to_1979,1968
18163,built_1950_to_1959,1970
18165,built_1970_to_1979,1961
18167,built_1970_to_1979,1968
18169,built_1950_to_1959,1959
18171,built_1990_to_1999,1971
18173,built_1970_to_1979,1985
18175,built_1990_to_1999,1982
18177,built_1960_to_1969,1960
18179,built_1970_to_1979,1972
18181,built_1970_to_1979,1971
18183,built_1990_to_1999,1981
19001,built_1970_to_1979,1958
19003,built_1950_to_1959,1954
19005,built_1990_to_1999,1971
19007,built_1970_to_1979,1964
19009,built_1950_to_1959,1950
19011,built_1990_to_1999,1965
19013,built_1950_to_1959,1966
19015,built_1970_to_1979,1957
19017,built_1970_to_1979,1969
19019,built_1970_to_1979,1971
19021,built_1970_to_1979,1963
19023,built_1970_to_1979,1956
19025,built_1970_to_1979,1960
19027,built_1970_to_1979,1964
19029,built_1950_to_1959,1954
19031,built_1970_to_1979,1962
19033,built_1950_to_1959,1959
19035,built_1970_to_1979,1956
19037,built_1970_to_1979,1965
19039,built_1970_to_1979,1975
19041,built_1970_to_1979,1966
19043,built_1970_to_1979,1962
19045,built_1950_to_1959,1958
19047,built_1970_to_1979,1963
19049,built_2010_to_2019,2005
19051,built_1970_to_1979,1973
19053,built_1990_to_1999,1968
19055,built_1970_to_1979,1965
19057,built_1950_to_1959,1958
19059,built_1970_to_1979,1978
19061,built_1970_to_1979,1970
19063,built_1950_to_1959,1955
19065,built_1970_to_1979,1953
19067,built_1970_to_1979,1960
19069,built_1970_to_1979,1953
19071,built_1970_to_1979,1957
19073,built_1950_to_1959,1954
19075,built_1970_to_1979,1960
19077,built_1970_to_1979,1969
19079,built_1970_to_1979,1955
19081,built_1970_to_1979,1959
19083,built_1970_to_1979,1954
19085,built_1970_to_1979,1952
19087,built_1970_to_1979,1966
19089,built_1970_to_1979,1954
19091,built_1970_to_1979,1958
19093,built_1970_to_1979,1952
19095,built_1970_to_1979,1971
19097,built_1970_to_1979,1967
19099,built_1970_to_1979,1966
19101,built_1970_to_1979,1967
19103,built_2010_to_2019,1991
19105,built_1990_to_1999,1969
19107,built_1970_to_1979,1953
19109,built_1970_to_1979,1961
19111,built_1970_to_1979,1959
19113,built_1970_to_1979,1977
19115,built_1970_to_1979,1962
19117,built_1970_to_1979,1964
19119,built_1970_to_1979,1965
19121,built_2000_to_2009,1977
19123,built_1970_to_1979,1963
19125,built_1970_to_1979,1975
19127,built_1950_to_1959,1958
19129,built_1970_to_1979,1973
19131,built_1970_to_1979,1956
19133,built_1970_to_1979,1955
19135,built_1970_to_1979,1972
19137,built_1970_to_1979,1955
19139,built_1970_to_1979,1969
19141,built_1950_to_1959,1959
19143,built_1950_to_1959,1954
19145,built_1970_to_1979,1951
19147,built_1970_to_1979,1957
19149,built_1970_to_1979,1972
19151,built_1970_to_1979,1951
19153,built_2000_to_2009,1981
19155,built_1970_to_1979,1967
19157,built_1970_to_1979,1970
19159,built_1990_to_1999,1972
19161,built_1970_to_1979,1955
19163,built_1970_to_1979,1972
19165,built_1970_to_1979,1946
19167,built_1970_to_1979,1972
19169,built_2000_to_2009,1983
19171,built_1970_to_1979,1956
19173,built_1970_to_1979,1952
19175,built_1970_to_1979,1961
19177,built_1970_to_1979,1971
19179,built_1950_to_1959,1958
19181,built_2000_to_2009,1984
19183,built_1970_to_1979,1962
19185,built_1970_to_1979,1969
19187,built_1950_to_1959,1957
19189,built_1970_to_1979,1961
19191,built_2000_to_2009,1960
19193,built_1950_to_1959,1958
19195,built_1970_to_1979,1949
19197,built_1970_to_1979,1957
20001,built_1970_to_1979,1965
20003,built_1970_to_1979,1962
20005,built_1970_to_1979,1969
20007,built_1950_to_1959,1956
20009,built_1950_to_1959,1959
20011,built_1970_to_1979,1958
20013,built_1970_to_1979,1962
20015,built_1990_to_1999,1984
20017,built_1970_to_1979,1958
20019,built_1970_to_1979,1960
20021,built_1970_to_1979,1968
20023,built_1970_to_1979,1949
20025,built_1950_to_1959,1949
20027,built_1970_to_1979,1961
20029,built_1960_to_1969,1953
20031,built_1970_to_1979,1971
20033,built_1950_to_1959,1942
20035,built_1950_to_1959,1962
20037,built_1970_to_1979,1971
20039,built_1970_to_1979,1954
20041,built_1950_to_1959,1956
20043,built_1970_to_1979,1970
20045,built_1990_to_1999,1988
20047,built_1950_to_1959,1945
20049,built_1950_to_1959,1955
20051,built_1970_to_1979,1972
20053,built_1970_to_1979,1961
20055,built_1970_to_1979,1977
20057,built_1970_to_1979,1972
20059,built_1990_to_1999,1974
20061,built_2000_to_2009,1988
20063,built_1950_to_1959,1958
20065,built_1950_to_1959,1957
20067,built_1980_to_1989,1979
20069,built_1980_to_1989,1975
20071,built_1960_to_1969,1964
20073,built_1950_to_1959,1958
20075,built_1970_to_1979,1969
20077,built_1950_to_1959,1957
20079,built_1950_to_1959,1970
20081,built_1970_to_1979,1975
20083,built_1950_to_1959,1955
20085,built_2000_to_2009,1977
20087,built_1970_to_1979,1977
20089,built_1970_to_1979,1938
20091,built_1990_to_1999,1988
20093,built_1970_to_1979,1972
20095,built_1950_to_1959,1957
20097,built_2000_to_2009,1972
20099,built_1970_to_1979,1959
20101,built_1950_to_1959,1962
20103,built_2000_to_2009,1982
20105,built_1970_to_1979,1938
20107,built_1970_to_1979,1981
20109,built_1950_to_1959,1961
20111,built_1970_to_1979,1970
20113,built_1970_to_1979,1975
20115,built_1950_to_1959,1957
20117,built_1970_to_1979,1960
20119,built_1960_to_1969,1961
20121,built_2000_to_2009,1985
20123,built_1970_to_1979,1957
20125,built_1970_to_1979,1956
20127,built_1950_to_1959,1955
20129,built_1970_to_1979,1969
20131,built_1970_to_1979,1974
20133,built_1950_to_1959,1960
20135,built_1970_to_1979,1959
20137,built_1970_to_1979,1951
20139,built_1970_to_1979,1974
20141,built_1950_to_1959,1951
20143,built_1990_to_1999,1964
20145,built_1950_to_1959,1955
20147,built_1970_to_1979,1958
20149,built_2010_to_2019,1983
20151,built_1940_to_1949,1955
20153,built_1980_to_1989,1956
20155,built_1950_to_1959,1963
20157,built_1940_to_1949,1941
20159,built_1970_to_1979,1955
20161,built_2010_to_2019,1984
20163,built_1950_to_1959,1954
20165,built_1950_to_1959,1950
20167,built_1950_to_1959,1955
20169,built_1950_to_1959,1965
20171,built_1950_to_1959,1959
20173,built_1950_to_1959,1977
20175,built_1970_to_1979,1972
20177,built_1970_to_1979,1971
20179,built_1970_to_1979,1966
20181,built_1970_to_1979,1967
20183,built_1970_to_1979,1954
20185,built_1950_to_1959,1952
20187,built_1960_to_1969,1967
20189,built_1980_to_1989,1973
20191,built_1950_to_1959,1966
20193,built_1970_to_1979,1965
20195,built_1970_to_1979,1963
20197,built_2000_to_2009,1966
20199,built_1970_to_1979,1964
20201,built_1950_to_1959,1954
20203,built_1970_to_1979,1966
20205,built_1970_to_1979,1971
20207,built_1970_to_1979,1960
20209,built_1950_to_1959,1962
21001,built_2000_to_2009,1984
21003,built_2000_to_2009,1988
21005,built_1990_to_1999,1989
21007,built_1990_to_1999,1982
21009,built_2000_to_2009,1984
21011,built_1990_to_1999,1986
21013,built_1970_to_1979,1979
21015,built_2000_to_2009,1995
21017,built_1980_to_1989,1977
21019,built_1970_to_1979,1971
21021,built_1970_to_1979,1977
21023,built_1990_to_1999,1982
21025,built_1980_to_1989,1989
21027,built_1990_to_1999,1989
21029,built_1990_to_1999,1992
21031,built_1990_to_1999,1986
21033,built_1970_to_1979,1974
21035,built_1990_to_1999,1985
21037,built_1990_to_1999,1972
21039,built_1970_to_1979,1977
21041,built_1980_to_1989,1983
21043,built_1970_to_1979,1983
21045,built_1980_to_1989,1985
21047,built_1990_to_1999,1984
21049,built_1990_to_1999,1979
21051,built_1980_to_1989,1987
21053,built_2000_to_2009,1982
21055,built_1970_to_1979,1975
21057,built_1970_to_1979,1985
21059,built_1970_to_1979,1977
21061,built_1990_to_1999,1989
21063,built_2000_to_2009,1988
21065,built_1980_to_1989,1980
21067,built_1990_to_1999,1983
21069,built_1990_to_1999,1985
21071,built_1970_to_1979,1981
21073,built_1970_to_1979,1977
21075,built_1970_to_1979,1972
21077,built_1990_to_1999,1992
21079,built_1990_to_1999,1987
21081,built_1990_to_1999,1990
21083,built_1970_to_1979,1978
21085,built_1970_to_1979,1988
21087,built_1980_to_1989,1977
21089,built_1970_to_1979,1975
21091,built_1970_to_1979,1982
21093,built_2000_to_2009,1987
21095,built_1970_to_1979,1977
21097,built_1990_to_1999,1979
21099,built_2000_to_2009,1984
21101,built_1970_to_1979,1976
21103,built_1970_to_1979,1977
21105,built_1960_to_1969,1975
21107,built_1970_to_1979,1977
21109,built_1990_to_1999,1992
21111,built_1950_to_1959,1971
21113,built_1990_to_1999,1991
21115,built_1970_to_1979,1984
21117,built_1970_to_1979,1974
21119,built_1980_to_1989,1982
21121,built_1990_to_1999,1985
21123,built_1990_to_1999,1981
21125,built_1990_to_1999,1991
21127,built_1990_to_1999,1987
21129,built_1990_to_1999,1986
21131,built_1980_to_1989,1983
21133,built_1970_to_1979,1978
21135,built_1990_to_1999,1985
21137,built_2000_to_2009,1985
21139,built_1970_to_1979,1977
21141,built_1970_to_1979,1977
21143,built_1990_to_1999,1988
21145,built_1970_to_1979,1978
21147,built_1990_to_1999,1985
21149,built_1970_to_1979,1976
21151,built_2000_to_2009,1993
21153,built_1990_to_1999,1986
21155,built_1990_to_1999,1982
21157,built_1990_to_1999,1984
21159,built_1970_to_1979,1984
21161,built_1990_to_1999,1976
21163,built_1990_to_1999,1990
21165,built_1980_to_1989,1990
21167,built_1970_to_1979,1978
21169,built_1970_to_1979,1986
21171,built_1970_to_1979,1977
21173,built_2000_to_2009,1985
21175,built_1990_to_1999,1990
21177,built_1970_to_1979,1978
21179,built_2000_to_2009,1990
21181,built_1970_to_1979,1971
21183,built_1990_to_1999,1983
21185,built_2000_to_2009,1993
21187,built_1990_to_1999,1990
21189,built_1970_to_1979,1987
21191,built_1990_to_1999,1981
21193,built_1990_to_1999,1986
21195,built_1990_to_1999,1985
21197,built_1970_to_1979,1984
21199,built_1970_to_1979,1986
21201,built_1990_to_1999,1980
21203,built_1990_to_1999,1988
21205,built_1990_to_1999,1992
21207,built_1990_to_1999,1989
21209,built_2000_to_2009,1998
21211,built_2000_to_2009,1992
21213,built_1990_to_1999,1979
21215,built_2000_to_2009,1998
21217,built_1960_to_1969,1977
21219,built_1990_to_1999,1983
21221,built_1970_to_1979,1985
21223,built_1990_to_1999,1988
21225,built_1970_to_1979,1975
21227,built_2000_to_2009,1992
21229,built_2000_to_2009,1983
21231,built_1990_to_1999,1986
21233,built_1970_to_1979,1977
21235,built_1970_to_1979,1985
21237,built_1990_to_1999,1990
21239,built_1980_to_1989,1984
22001,built_1970_to_1979,1979
22003,built_1970_to_1979,1979
22005,built_2000_to_2009,2002
22007,built_1970_to_1979,1982
22009,built_1970_to_1979,1980
22011,built_2010_to_2019,1992
22013,built_1970_to_1979,1979
22015,built_2000_to_2009,1989
22017,built_1970_to_1979,1975
22019,built_2010_to_2019,1988
22021,built_1980_to_1989,1988
22023,built_2000_to_2009,2005
22025,built_1970_to_1979,1979
22027,built_1970_to_1979,1973
22029,built_1960_to_1969,1976
22031,built_2000_to_2009,1989
22033,built_1970_to_1979,1983
22035,built_1970_to_1979,1975
22037,built_1990_to_1999,1988
22039,built_1970_to_1979,1980
22041,built_1970_to_1979,1977
22043,built_2000_to_2009,1989
22045,built_2000_to_2009,1981
22047,built_1980_to_1989,1984
22049,built_1980_to_1989,1979
22051,built_1970_to_1979,1975
22053,built_1980_to_1989,1981
22055,built_2010_to_2019,1988
22057,built_1970_to_1979,1981
22059,built_1970_to_1979,1980
22061,built_1980_to_1989,1985
22063,built_2000_to_2009,2001
22065,built_1970_to_1979,1976
22067,built_1970_to_1979,1977
22069,built_1970_to_1979,1983
22071,built_1970_to_1979,1959
22073,built_1970_to_1979,1983
22075,built_2000_to_2009,1998
22077,built_1980_to_1989,1985
22079,built_1970_to_1979,1980
22081,built_1970_to_1979,1980
22083,built_1970_to_1979,1979
22085,built_1970_to_1979,1987
22087,built_2000_to_2009,1980
22089,built_1980_to_1989,1986
22091,built_1980_to_1989,1986
22093,built_2000_to_2009,1985
22095,built_1970_to_1979,1982
22097,built_1970_to_1979,1979
22099,built_2000_to_2009,1987
22101,built_1970_to_1979,1976
22103,built_2000_to_2009,1995
22105,built_2000_to_2009,1992
22107,built_1970_to_1979,1973
22109,built_1970_to_1979,1982
22111,built_1990_to_1999,1988
22113,built_2000_to_2009,1983
22115,built_1970_to_1979,1988
22117,built_1970_to_1979,1980
22119,built_1960_to_1969,1974
22121,built_2010_to_2019,1993
22123,built_1970_to_1979,1978
22125,built_1990_to_1999,1991
22127,built_1970_to_1979,1978
23001,built_1970_to_1979,1969
23003,built_1970_to_1979,1971
23005,built_1980_to_1989,1975
23007,built_1970_to_1979,1978
23009,built_2000_to_2009,1981
23011,built_1970_to_1979,1975
23013,built_1980_to_1989,1973
23015,built_1980_to_1989,1977
23017,built_1980_to_1989,1976
23019,built_1980_to_1989,1977
23021,built_1970_to_1979,1976
23023,built_1980_to_1989,1977
23025,built_1980_to_1989,1977
23027,built_2000_to_2009,1983
23029,built_1970_to_1979,1975
23031,built_1980_to_1989,1979
24001,built_1960_to_1969,1958
24003,built_1970_to_1979,1983
24005,built_1950_to_1959,1973
24009,built_1990_to_1999,1990
24011,built_1990_to_1999,1981
24013,built_1990_to_1999,1983
24015,built_2000_to_2009,1987
24017,built_1980_to_1989,1990
24019,built_2000_to_2009,1973
24021,built_1990_to_1999,1990
24023,built_1970_to_1979,1981
24025,built_1990_to_1999,1986
24027,built_1980_to_1989,1989
24029,built_2000_to_2009,1977
24031,built_1980_to_1989,1980
24033,built_1960_to_1969,1977
24035,built_1980_to_1989,1988
24037,built_2000_to_2009,1992
24039,built_2000_to_2009,1984
24041,built_1980_to_1989,1982
24043,built_2000_to_2009,1974
24045,built_2000_to_2009,1983
24047,built_1980_to_1989,1984
24510,built_1950_to_1959,1948
25001,built_1980_to_1989,1976
25003,built_1950_to_1959,1955
25005,built_1970_to_1979,1963
25007,built_1980_to_1989,1981
25009,built_1980_to_1989,1960
25011,built_1970_to_1979,1961
25013,built_1950_to_1959,1958
25015,built_1970_to_1979,1970
25017,built_1950_to_1959,1961
25019,built_1990_to_1999,1983
25021,built_1950_to_1959,1964
25023,built_1970_to_1979,1971
25025,built_2010_to_2019,1948
25027,built_1980_to_1989,1966
26001,built_1970_to_1979,1974
26003,built_1970_to_1979,1973
26005,built_1990_to_1999,1981
26007,built_1970_to_1979,1968
26009,built_1970_to_1979,1979
26011,built_1970_to_1979,1977
26013,built_1970_to_1979,1973
26015,built_1990_to_1999,1976
26017,built_1970_to_1979,1962
26019,built_1990_to_1999,1985
26021,built_1950_to_1959,1966
26023,built_1970_to_1979,1969
26025,built_1950_to_1959,1961
26027,built_1970_to_1979,1972
26029,built_1990_to_1999,1982
26031,built_1990_to_1999,1980
26033,built_1990_to_1999,1976
26035,built_1970_to_1979,1976
26037,built_2000_to_2009,1981
26039,built_1970_to_1979,1980
26041,built_1970_to_1979,1968
26043,built_1970_to_1979,1970
26045,built_1970_to_1979,1976
26047,built_1990_to_1999,1985
26049,built_1950_to_1959,1969
26051,built_1990_to_1999,1980
26053,built_1970_to_1979,1954
26055,built_2000_to_2009,1986
26057,built_1970_to_1979,1966
26059,built_1990_to_1999,1970
26061,built_1970_to_1979,1959
26063,built_1950_to_1959,1967
26065,built_1970_to_1979,1971
26067,built_1970_to_1979,1972
26069,built_1970_to_1979,1972
26071,built_1950_to_1959,1962
26073,built_1990_to_1999,1983
26075,built_1970_to_1979,1966
26077,built_1970_to_1979,1975
26079,built_1970_to_1979,1980
26081,built_1990_to_1999,1976
26083,built_2000_to_2009,1964
26085,built_1970_to_1979,1977
26087,built_1970_to_1979,1978
26089,built_1990_to_1999,1987
26091,built_1970_to_1979,1969
26093,built_1990_to_1999,1990
26095,built_1970_to_1979,1976
26097,built_1990_to_1999,1975
26099,built_1960_to_1969,1975
26101,built_1970_to_1979,1971
26103,built_1970_to_1979,1971
26105,built_1970_to_1979,1976
26107,built_1970_to_1979,1980
26109,built_1970_to_1979,1971
26111,built_1970_to_1979,1975
26113,built_1970_to_1979,1980
26115,built_1970_to_1979,1973
26117,built_1990_to_1999,1977
26119,built_1970_to_1979,1975
26121,built_1950_to_1959,1968
26123,built_1990_to_1999,1978
26125,built_1970_to_1979,1975
26127,built_1970_to_1979,1978
26129,built_1970_to_1979,1976
26131,built_1970_to_1979,1962
26133,built_1970_to_1979,1976
26135,built_1970_to_1979,1974
26137,built_1970_to_1979,1981
26139,built_1990_to_1999,1987
26141,built_1970_to_1979,1972
26143,built_1970_to_1979,1976
26145,built_1970_to_1979,1968
26147,built_1990_to_1999,1975
26149,built_1970_to_1979,1970
26151,built_1970_to_1979,1970
26153,built_1990_to_1999,1972
26155,built_1970_to_1979,1969
26157,built_1970_to_1979,1970
26159,built_1990_to_1999,1977
26161,built_1990_to_1999,1978
26163,built_1950_to_1959,1956
26165,built_1990_to_1999,1979
27001,built_2000_to_2009,1982
27003,built_1990_to_1999,1985
27005,built_2000_to_2009,1980
27007,built_2000_to_2009,1986
27009,built_2000_to_2009,1985
27011,built_1970_to_1979,1957
27013,built_2000_to_2009,1977
27015,built_1970_to_1979,1961
27017,built_2000_to_2009,1974
27019,built_2000_to_2009,1995
27021,built_2000_to_2009,1990
27023,built_1970_to_1979,1957
27025,built_1990_to_1999,1992
27027,built_2000_to_2009,1981
27029,built_1970_to_1979,1980
27031,built_2000_to_2009,1986
27033,built_1970_to_1979,1961
27035,built_2000_to_2009,1987
27037,built_1990_to_1999,1988
27039,built_2000_to_2009,1979
27041,built_2000_to_2009,1985
27043,built_1950_to_1959,1952
27045,built_2000_to_2009,1966
27047,built_1950_to_1959,1959
27049,built_1970_to_1979,1974
27051,built_1970_to_1979,1964
27053,built_1970_to_1979,1973
27055,built_1970_to_1979,1970
27057,built_2000_to_2009,1985
27059,built_2000_to_2009,1988
27061,built_1970_to_1979,1979
27063,built_1970_to_1979,1956
27065,built_2000_to_2009,1983
27067,built_1970_to_1979,1977
27069,built_1970_to_1979,1967
27071,built_1970_to_1979,1973
27073,built_1970_to_1979,1950
27075,built_1950_to_1959,1970
27077,built_1990_to_1999,1986
27079,built_2000_to_2009,1973
27081,built_1970_to_1979,1960
27083,built_1970_to_1979,1971
27085,built_1990_to_1999,1979
27087,built_1970_to_1979,1975
27089,built_1970_to_1979,1971
27091,built_1970_to_1979,1958
27093,built_1970_to_1979,1975
27095,built_2000_to_2009,1982
27097,built_1970_to_1979,1978
27099,built_1950_to_1959,1957
27101,built_1970_to_1979,1963
27103,built_2000_to_2009,1979
27105,built_1970_to_1979,1968
27107,built_1970_to_1979,1961
27109,built_2000_to_2009,1987
27111,built_1970_to_1979,1978
27113,built_1970_to_1979,1975
27115,built_2000_to_2009,1984
27117,built_1970_to_1979,1958
27119,built_1970_to_1979,1971
27121,built_2000_to_2009,1971
27123,built_1970_to_1979,1965
27125,built_1970_to_1979,1969
27127,built_1970_to_1979,1963
27129,built_1970_to_1979,1958
27131,built_2000_to_2009,1977
27133,built_1970_to_1979,1958
27135,built_1970_to_1979,1981
27137,built_1970_to_1979,1962
27139,built_2000_to_2009,1996
27141,built_2000_to_2009,1995
27143,built_1970_to_1979,1962
27145,built_2000_to_2009,1984
27147,built_1970_to_1979,1975
27149,built_1970_to_1979,1967
27151,built_1950_to_1959,1959
27153,built_1970_to_1979,1974
27155,built_1990_to_1999,1963
27157,built_2000_to_2009,1977
27159,built_1970_to_1979,1974
27161,built_1970_to_1979,1970
27163,built_1990_to_1999,1992
27165,built_1970_to_1979,1961
27167,built_1970_to_1979,1967
27169,built_1970_to_1979,1970
27171,built_2000_to_2009,1994
27173,built_1970_to_1979,1956
28001,built_1970_to_1979,1971
28003,built_1970_to_1979,1981
28005,built_1970_to_1979,1984
28007,built_1970_to_1979,1981
28009,built_2000_to_2009,1981
28011,built_1970_to_1979,1977
28013,built_1980_to_1989,1981
28015,built_2000_to_2009,1987
28017,built_1970_to_1979,1978
28019,built_1990_to_1999,1983
28021,built_1970_to_1979,1981
28023,built_1970_to_1979,1985
28025,built_1990_to_1999,1981
28027,built_1950_to_1959,1971
28029,built_1980_to_1989,1986
28031,built_1990_to_1999,1987
28033,built_2000_to_2009,1998
28035,built_1970_to_1979,1981
28037,built_1970_to_1979,1980
28039,built_1970_to_1979,1988
28041,built_1970_to_1979,1984
28043,built_1970_to_1979,1980
28045,built_2000_to_2009,1997
28047,built_2000_to_2009,1993
28049,built_1970_to_1979,1974
28051,built_1980_to_1989,1983
28053,built_1970_to_1979,1979
28055,built_1990_to_1999,1987
28057,built_1990_to_1999,1983
28059,built_1970_to_1979,1984
28061,built_1990_to_1999,1989
28063,built_1970_to_1979,1984
28065,built_1970_to_1979,1984
28067,built_1970_to_1979,1982
28069,built_1970_to_1979,1979
28071,built_2010_to_2019,1999
28073,built_2000_to_2009,1999
28075,built_1970_to_1979,1979
28077,built_1970_to_1979,1982
28079,built_1970_to_1979,1981
28081,built_1970_to_1979,1987
28083,built_1970_to_1979,1975
28085,built_1970_to_1979,1984
28087,built_1970_to_1979,1981
28089,built_2000_to_2009,1995
28091,built_1970_to_1979,1980
28093,built_2000_to_2009,1991
28095,built_1970_to_1979,1979
28097,built_1980_to_1989,1980
28099,built_1990_to_1999,1982
28101,built_2000_to_2009,1984
28103,built_1990_to_1999,1978
28105,built_2000_to_2009,1992
28107,built_1990_to_1999,1986
28109,built_2000_to_2009,1990
28111,built_1990_to_1999,1990
28113,built_1980_to_1989,1983
28115,built_1970_to_1979,1986
28117,built_1970_to_1979,1981
28119,built_1950_to_1959,1972
28121,built_2000_to_2009,1994
28123,built_1990_to_1999,1989
28125,built_1970_to_1979,1977
28127,built_1970_to_1979,1984
28129,built_1970_to_1979,1983
28131,built_2000_to_2009,1997
28133,built_1970_to_1979,1976
28135,built_1970_to_1979,1978
28137,built_1990_to_1999,1991
28139,built_1990_to_1999,1986
28141,built_1960_to_1969,1980
28143,built_1990_to_1999,1994
28145,built_1990_to_1999,1985
28147,built_1990_to_1999,1980
28149,built_1970_to_1979,1977
28151,built_1970_to_1979,1973
28153,built_1970_to_1979,1985
28155,built_1970_to_1979,1982
28157,built_1970_to_1979,1982
28159,built_1970_to_1979,1979
28161,built_1980_to_1989,1981
28163,built_1970_to_1979,1979
29001,built_1970_to_1979,1973
29003,built_1970_to_1979,1979
29005,built_1960_to_1969,1957
29007,built_1970_to_1979,1970
29009,built_2000_to_2009,1985
29011,built_1970_to_1979,1973
29013,built_1990_to_1999,1977
29015,built_1980_to_1989,1984
29017,built_1990_to_1999,1979
29019,built_2000_to_2009,1991
29021,built_1970_to_1979,1964
29023,built_1970_to_1979,1980
29025,built_1970_to_1979,1973
29027,built_2000_to_2009,1988
29029,built_1980_to_1989,1986
29031,built_1970_to_1979,1982
29033,built_1970_to_1979,1964
29035,built_1970_to_1979,1984
29037,built_2000_to_2009,1991
29039,built_1970_to_1979,1979
29041,built_1970_to_1979,1969
29043,built_2000_to_2009,1999
29045,built_1970_to_1979,1969
29047,built_2000_to_2009,1987
29049,built_1970_to_1979,1978
29051,built_1970_to_1979,1981
29053,built_1970_to_1979,1974
29055,built_1970_to_1979,1980
29057,built_1970_to_1979,1974
29059,built_2000_to_2009,1983
29061,built_2000_to_2009,1976
29063,built_1990_to_1999,1982
29065,built_1970_to_1979,1979
29067,built_1990_to_1999,1985
29069,built_1970_to_1979,1971
29071,built_2000_to_2009,1984
29073,built_1970_to_1979,1974
29075,built_1970_to_1979,1973
29077,built_1970_to_1979,1982
29079,built_1960_to_1969,1962
29081,built_1970_to_1979,1969
29083,built_1990_to_1999,1979
29085,built_1970_to_1979,1981
29087,built_1970_to_1979,1968
29089,built_1970_to_1979,1972
29091,built_1990_to_1999,1983
29093,built_1970_to_1979,1975
29095,built_1970_to_1979,1970
29097,built_2000_to_2009,1985
29099,built_2000_to_2009,1986
29101,built_2000_to_2009,1991
29103,built_1970_to_1979,1964
29105,built_2000_to_2009,1984
29107,built_1970_to_1979,1974
29109,built_1970_to_1979,1979
29111,built_1960_to_1969,1968
29113,built_2000_to_2009,1996
29115,built_1960_to_1969,1965
29117,built_1970_to_1979,1969
29119,built_1990_to_1999,1986
29121,built_1970_to_1979,1972
29123,built_1990_to_1999,1977
29125,built_1970_to_1979,1983
29127,built_1970_to_1979,1970
29129,built_1970_to_1979,1971
29131,built_1970_to_1979,1985
29133,built_1970_to_1979,1974
29135,built_1990_to_1999,1979
29137,built_1990_to_1999,1977
29139,built_1990_to_1999,1978
29141,built_1970_to_1979,1982
29143,built_1970_to_1979,1975
29145,built_1990_to_1999,1984
29147,built_1970_to_1979,1977
29149,built_1970_to_1979,1979
29151,built_1970_to_1979,1979
29153,built_1970_to_1979,1979
29155,built_1970_to_1979,1971
29157,built_1990_to_1999,1979
29159,built_1970_to_1979,1974
29161,built_1970_to_1979,1984
29163,built_1960_to_1969,1970
29165,built_2000_to_2009,1991
29167,built_2000_to_2009,1987
29169,built_2000_to_2009,1994
29171,built_1970_to_1979,1977
29173,built_1990_to_1999,1982
29175,built_1970_to_1979,1974
29177,built_1970_to_1979,1974
29179,built_1970_to_1979,1975
29181,built_1970_to_1979,1983
29183,built_2000_to_2009,1994
29185,built_1970_to_1979,1977
29186,built_1970_to_1979,1981
29187,built_1970_to_1979,1981
29189,built_1960_to_1969,1968
29195,built_1970_to_1979,1970
29197,built_1960_to_1969,1963
29199,built_2000_to_2009,1969
29201,built_1970_to_1979,1976
29203,built_1970_to_1979,1982
29205,built_1970_to_1979,1968
29207,built_1970_to_1979,1975
29209,built_1990_to_1999,1992
29211,built_1970_to_1979,1965
29213,built_1990_to_1999,1995
29215,built_1970_to_1979,1978
29217,built_1970_to_1979,1975
29219,built_2000_to_2009,1996
29221,built_1990_to_1999,1984
29223,built_1970_to_1979,1979
29225,built_2000_to_2009,1990
29227,built_1970_to_1979,1959
29229,built_1990_to_1999,1979
29510,built_1950_to_1959,1938
30001,built_1970_to_1979,1980
30003,built_1970_to_1979,1976
30005,built_1970_to_1979,1972
30007,built_2000_to_2009,1999
30009,built_1970_to_1979,1978
30011,built_1950_to_1959,1973
30013,built_1970_to_1979,1969
30015,built_1980_to_1989,1967
30017,built_1970_to_1979,1963
30019,built_1950_to_1959,1957
30021,built_1970_to_1979,1970
30023,built_1950_to_1959,1954
30025,built_1970_to_1979,1978
30027,built_1970_to_1979,1967
30029,built_2000_to_2009,1989
30031,built_2000_to_2009,1997
30033,built_1970_to_1979,1976
30035,built_1970_to_1979,1975
30037,built_1970_to_1979,1971
30039,built_2000_to_2009,1977
30041,built_1970_to_1979,1972
30043,built_1970_to_1979,1989
30045,built_1970_to_1979,1968
30047,built_2000_to_2009,1986
30049,built_1970_to_1979,1982
30051,built_1950_to_1959,1964
30053,built_2000_to_2009,1982
30055,built_1950_to_1959,1965
30057,built_2000_to_2009,1993
30059,built_1970_to_1979,1973
30061,built_1970_to_1979,1982
30063,built_1970_to_1979,1984
30065,built_1970_to_1979,1975
30067,built_2000_to_2009,1978
30069,built_1990_to_1999,1978
30071,built_1990_to_1999,1971
30073,built_1970_to_1979,1964
30075,built_1970_to_1979,1977
30077,built_1970_to_1979,1965
30079,built_1970_to_1979,1958
30081,built_1990_to_1999,1990
30083,built_2010_to_2019,1981
30085,built_1970_to_1979,1973
30087,built_1970_to_1979,1979
30089,built_2000_to_2009,1989
30091,built_1960_to_1969,1962
30093,built_1970_to_1979,1956
30095,built_2000_to_2009,1985
30097,built_1970_to_1979,1979
30099,built_1970_to_1979,1961
30101,built_1970_to_1979,1969
30103,built_1990_to_1999,1970
30105,built_1960_to_1969,1966
30107,built_1970_to_1979,1960
30109,built_1970_to_1979,1967
30111,built_1970_to_1979,1982
31001,built_1970_to_1979,1966
31003,built_1970_to_1979,1960
31005,built_1970_to_1979,1971
31007,built_1950_to_1959,1956
31009,built_1970_to_1979,1959
31011,built_1970_to_1979,1954
31013,built_1970_to_1979,1966
31015,built_1960_to_1969,1950
31017,built_1970_to_1979,1962
31019,built_1970_to_1979,1979
31021,built_1970_to_1979,1956
31023,built_1970_to_1979,1968
31025,built_1970_to_1979,1977
31027,built_1970_to_1979,1962
31029,built_1970_to_1979,1972
31031,built_1970_to_1979,1969
31033,built_1950_to_1959,1957
31035,built_1970_to_1979,1957
31037,built_1970_to_1979,1970
31039,built_1970_to_1979,1962
31041,built_1970_to_1979,1958
31043,built_1970_to_1979,1974
31045,built_1970_to_1979,1956
31047,built_1970_to_1979,1968
31049,built_1950_to_1959,1947
31051,built_1970_to_1979,1951
31053,built_1970_to_1979,1966
31055,built_1970_to_1979,1976
31057,built_1970_to_1979,1953
31059,built_1970_to_1979,1958
31061,built_1970_to_1979,1943
31063,built_1970_to_1979,1954
31065,built_1970_to_1979,1946
31067,built_1970_to_1979,1962
31069,built_1950_to_1959,1953
31071,built_1970_to_1979,1973
31073,built_1970_to_1979,1973
31075,built_1960_to_1969,1961
31077,built_1980_to_1989,1947
31079,built_1970_to_1979,1975
31081,built_1970_to_1979,1972
31083,built_1980_to_1989,1966
31085,built_1960_to_1969,1945
31087,built_1970_to_1979,1953
31089,built_1970_to_1979,1966
31091,built_1970_to_1979,1959
31093,built_1970_to_1979,1966
31095,built_1970_to_1979,1949
31097,built_1970_to_1979,1953
31099,built_1970_to_1979,1964
31101,built_1970_to_1979,1974
31103,built_2000_to_2009,1967
31105,built_1950_to_1959,1953
31107,built_1970_to_1979,1966
31109,built_1970_to_1979,1981
31111,built_1970_to_1979,1969
31113,built_1970_to_1979,1959
31115,built_2010_to_2019,1980
31117,built_1970_to_1979,1957
31119,built_1970_to_1979,1974
31121,built_1970_to_1979,1968
31123,built_1970_to_1979,1958
31125,built_1950_to_1959,1950
31127,built_1970_to_1979,1955
31129,built_1940_to_1949,1947
31131,built_2000_to_2009,1967
31133,built_1970_to_1979,1945
31135,built_1970_to_1979,1951
31137,built_1970_to_1979,1966
31139,built_1970_to_1979,1959
31141,built_1970_to_1979,1973
31143,built_1970_to_1979,1963
31145,built_1970_to_1979,1959
31147,built_1970_to_1979,1945
31149,built_1970_to_1979,1967
31151,built_1970_to_1979,1965
31153,built_2000_to_2009,1995
31155,built_1970_to_1979,1973
31157,built_1970_to_1979,1968
31159,built_1970_to_1979,1970
31161,built_1950_to_1959,1950
31163,built_1970_to_1979,1962
31165,built_1970_to_1979,1953
31167,built_1970_to_1979,1971
31169,built_1970_to_1979,1952
31171,built_1980_to_1989,1957
31173,built_1970_to_1979,1971
31175,built_1960_to_1969,1954
31177,built_1990_to_1999,1978
31179,built_1970_to_1979,1967
31181,built_1970_to_1979,1950
31183,built_1970_to_1979,1973
31185,built_1970_to_1979,1964
32001,built_1990_to_1999,1987
32003,built_2000_to_2009,1997
32005,built_1990_to_1999,1990
32007,built_1980_to_1989,1989
32009,built_2000_to_2009,1990
32011,built_1970_to_1979,1983
32013,built_1990_to_1999,1990
32015,built_1990_to_1999,1990
32017,built_1980_to_1989,1981
32019,built_2000_to_2009,1996
32021,built_1980_to_1989,1973
32023,built_2000_to_2009,1998
32027,built_1990_to_1999,1986
32029,built_1990_to_1999,1987
32031,built_2000_to_2009,1990
32033,built_1970_to_1979,1971
32510,built_1970_to_1979,1980
33001,built_1980_to_1989,1979
33003,built_1980_to_1989,1981
33005,built_1980_to_1989,1972
33007,built_1980_to_1989,1969
33009,built_1980_to_1989,1980
33011,built_1980_to_1989,1977
33013,built_1980_to_1989,1977
33015,built_1980_to_1989,1982
33017,built_1980_to_1989,1978
33019,built_1970_to_1979,1974
34001,built_1980_to_1989,1977
34003,built_1950_to_1959,1959
34005,built_1970_to_1979,1977
34007,built_1970_to_1979,1966
34009,built_1980_to_1989,1980
34011,built_1970_to_1979,1968
34013,built_1950_to_1959,1958
34015,built_1970_to_1979,1979
34017,built_2010_to_2019,1965
34019,built_1980_to_1989,1979
34021,built_1950_to_1959,1967
34023,built_1980_to_1989,1973
34025,built_1980_to_1989,1975
34027,built_1960_to_1969,1971
34029,built_1970_to_1979,1981
34031,built_1950_to_1959,1956
34033,built_1950_to_1959,1963
34035,built_1980_to_1989,1982
34037,built_1970_to_1979,1972
34039,built_1950_to_1959,1956
34041,built_1970_to_1979,1972
35001,built_1970_to_1979,1982
35003,built_1980_to_1989,1984
35005,built_1950_to_1959,1972
35006,built_1970_to_1979,1978
35007,built_2000_to_2009,1977
35009,built_1970_to_1979,1976
35011,built_1950_to_1959,1972
35013,built_1990_to_1999,1990
35015,built_1950_to_1959,1977
35017,built_1990_to_1999,1977
35019,built_1970_to_1979,1975
35021,built_1980_to_1989,1955
35023,built_1970_to_1979,1977
35025,built_1970_to_1979,1977
35027,built_2000_to_2009,1985
35028,built_1970_to_1979,1974
35029,built_1990_to_1999,1979
35031,built_1970_to_1979,1983
35033,built_1990_to_1999,1982
35035,built_1970_to_1979,1984
35037,built_1950_to_1959,1965
35039,built_1970_to_1979,1983
35041,built_1970_to_1979,1980
35043,built_2000_to_2009,1996
35045,built_1990_to_1999,1986
35047,built_1990_to_1999,1978
35049,built_1990_to_1999,1989
35051,built_1990_to_1999,1983
35053,built_1980_to_1989,1980
35055,built_1990_to_1999,1983
35057,built_1980_to_1989,1986
35059,built_1940_to_1949,1965
35061,built_1990_to_1999,1989
36001,built_1970_to_1979,1964
36003,built_1970_to_1979,1965
36005,built_1950_to_1959,1954
36007,built_1950_to_1959,1959
36009,built_1970_to_1979,1961
36011,built_1970_to_1979,1958
36013,built_1950_to_1959,1953
36015,built_1950_to_1959,1955
36017,built_1980_to_1989,1967
36019,built_1980_to_1989,1974
36021,built_1970_to_1979,1965
36023,built_1970_to_1979,1961
36025,built_1980_to_1989,1971
36027,built_1970_to_1979,1971
36029,built_1950_to_1959,1957
36031,built_2000_to_2009,1970
36033,built_1980_to_1989,1966
36035,built_1940_to_1949,1953
36037,built_1970_to_1979,1956
36039,built_1980_to_1989,1972
36041,built_1960_to_1969,1968
36043,built_1980_to_1989,1956
36045,built_1980_to_1989,1972
36047,built_1950_to_1959,1943
36049,built_1990_to_1999,1972
36051,built_1970_to_1979,1969
36053,built_1980_to_1989,1964
36055,built_1960_to_1969,1965
36057,built_1950_to_1959,1944
36059,built_1950_to_1959,1955
36061,built_1960_to_1969,1951
36063,built_1950_to_1959,1958
36065,built_1950_to_1959,1957
36067,built_1950_to_1959,1963
36069,built_1970_to_1979,1975
36071,built_1980_to_1989,1975
36073,built_1970_to_1979,1954
36075,built_1990_to_1999,1971
36077,built_1970_to_1979,1954
36079,built_1970_to_1979,1968
36081,built_1950_to_1959,1953
36083,built_1950_to_1959,1962
36085,built_1970_to_1979,1974
36087,built_1960_to_1969,1970
36089,built_1970_to_1979,1964
36091,built_2000_to_2009,1984
36093,built_1950_to_1959,1955
36095,built_1980_to_1989,1973
36097,built_1990_to_1999,1969
36099,built_1950_to_1959,1957
36101,built_1970_to_1979,1964
36103,built_1960_to_1969,1970
36105,built_1980_to_1989,1972
36107,built_1970_to_1979,1968
36109,built_1990_to_1999,1974
36111,built_1950_to_1959,1966
36113,built_1980_to_1989,1973
36115,built_1980_to_1989,1962
36117,built_1970_to_1979,1966
36119,built_1950_to_1959,1958
36121,built_1970_to_1979,1961
36123,built_1980_to_1989,1969
37001,built_2000_to_2009,1987
37003,built_1990_to_1999,1985
37005,built_1990_to_1999,1982
37007,built_1970_to_1979,1974
37009,built_1970_to_1979,1981
37011,built_1980_to_1989,1985
37013,built_1970_to_1979,1979
37015,built_1970_to_1979,1980
37017,built_1990_to_1999,1983
37019,built_2000_to_2009,2001
37021,built_1990_to_1999,1989
37023,built_1980_to_1989,1980
37025,built_2000_to_2009,1996
37027,built_1990_to_1999,1981
37029,built_2000_to_2009,1999
37031,built_1980_to_1989,1989
37033,built_1970_to_1979,1982
37035,built_1990_to_1999,1984
37037,built_1990_to_1999,1997
37039,built_2000_to_2009,1993
37041,built_1970_to_1979,1979
37043,built_2000_to_2009,1989
37045,built_1970_to_1979,1979
37047,built_1990_to_1999,1981
37049,built_2000_to_2009,1990
37051,built_1990_to_1999,1987
37053,built_2000_to_2009,1997
37055,built_1980_to_1989,1987
37057,built_2000_to_2009,1985
37059,built_2000_to_2009,1990
37061,built_1990_to_1999,1987
37063,built_2010_to_2019,1993
37065,built_1970_to_1979,1977
37067,built_1970_to_1979,1983
37069,built_2000_to_2009,1995
37071,built_2000_to_2009,1982
37073,built_1990_to_1999,1991
37075,built_1990_to_1999,1987
37077,built_2000_to_2009,1990
37079,built_1990_to_1999,1984
37081,built_2000_to_2009,1986
37083,built_1990_to_1999,1979
37085,built_2000_to_2009,1996
37087,built_1990_to_1999,1983
37089,built_2000_to_2009,1989
37091,built_1990_to_1999,1976
37093,built_2000_to_2009,1999
37095,built_2000_to_2009,1978
37097,built_2000_to_2009,1996
37099,built_2000_to_2009,1990
37101,built_2000_to_2009,1999
37103,built_2000_to_2009,1986
37105,built_2000_to_2009,1988
37107,built_1970_to_1979,1977
37109,built_2000_to_2009,1993
37111,built_1990_to_1999,1983
37113,built_1990_to_1999,1987
37115,built_1980_to_1989,1986
37117,built_1990_to_1999,1976
37119,built_2000_to_2009,1996
37121,built_1990_to_1999,1978
37123,built_1990_to_1999,1983
37125,built_1990_to_1999,1993
37127,built_1990_to_1999,1985
37129,built_1990_to_1999,1992
37131,built_1970_to_1979,1979
37133,built_2010_to_2019,1997
37135,built_1990_to_1999,1989
37137,built_1990_to_1999,1988
37139,built_2000_to_2009,1988
37141,built_2000_to_2009,1997
37143,built_2000_to_2009,1991
37145,built_1990_to_1999,1984
37147,built_2000_to_2009,1993
37149,built_1990_to_1999,1982
37151,built_1990_to_1999,1985
37153,built_1960_to_1969,1975
37155,built_1990_to_1999,1985
37157,built_1990_to_1999,1979
37159,built_1990_to_1999,1982
37161,built_1990_to_1999,1980
37163,built_1990_to_1999,1986
37165,built_1990_to_1999,1981
37167,built_1970_to_1979,1975
37169,built_1970_to_1979,1983
37171,built_1990_to_1999,1980
37173,built_1990_to_1999,1989
37175,built_1970_to_1979,1983
37177,built_2000_to_2009,1983
37179,built_2000_to_2009,1999
37181,built_1990_to_1999,1981
37183,built_2000_to_2009,1999
37185,built_1990_to_1999,1987
37187,built_1970_to_1979,1975
37189,built_1990_to_1999,1987
37191,built_1990_to_1999,1983
37193,built_1980_to_1989,1980
37195,built_1990_to_1999,1985
37197,built_1990_to_1999,1981
37199,built_1990_to_1999,1987
38001,built_1970_to_1979,1966
38003,built_1970_to_1979,1967
38005,built_1970_to_1979,1970
38007,built_2010_to_2019,1984
38009,built_1970_to_1979,1976
38011,built_1970_to_1979,1972
38013,built_1970_to_1979,1968
38015,built_1970_to_1979,1987
38017,built_2010_to_2019,1993
38019,built_1970_to_1979,1970
38021,built_1970_to_1979,1965
38023,built_1970_to_1979,1962
38025,built_2010_to_2019,1981
38027,built_1970_to_1979,1967
38029,built_1970_to_1979,1965
38031,built_1970_to_1979,1971
38033,built_1970_to_1979,1964
38035,built_1970_to_1979,1981
38037,built_1970_to_1979,1960
38039,built_1970_to_1979,1958
38041,built_1970_to_1979,1961
38043,built_1960_to_1969,1969
38045,built_1970_to_1979,1964
38047,built_1960_to_1969,1965
38049,built_1960_to_1969,1965
38051,built_1950_to_1959,1956
38053,built_2010_to_2019,2010
38055,built_1970_to_1979,1975
38057,built_1970_to_1979,1979
38059,built_1970_to_1979,1979
38061,built_2010_to_2019,1989
38063,built_1970_to_1979,1962
38065,built_1970_to_1979,1975
38067,built_1970_to_1979,1967
38069,built_1970_to_1979,1971
38071,built_1970_to_1979,1975
38073,built_1990_to_1999,1964
38075,built_1970_to_1979,1973
38077,built_1970_to_1979,1972
38079,built_1970_to_1979,1980
38081,built_1970_to_1979,1972
38083,built_1970_to_1979,1966
38085,built_1970_to_1979,1982
38087,built_1940_to_1949,1954
38089,built_2010_to_2019,1987
38091,built_1970_to_1979,1968
38093,built_1970_to_1979,1973
38095,built_1970_to_1979,1968
38097,built_1970_to_1979,1965
38099,built_1970_to_1979,1971
38101,built_2010_to_2019,1983
38103,built_1960_to_1969,1962
38105,built_2010_to_2019,1993
39001,built_1980_to_1989,1982
39003,built_1970_to_1979,1965
39005,built_1990_to_1999,1968
39007,built_1970_to_1979,1962
39009,built_1990_to_1999,1978
39011,built_1970_to_1979,1971
39013,built_1970_to_1979,1964
39015,built_1990_to_1999,1982
39017,built_1970_to_1979,1979
39019,built_1970_to_1979,1973
39021,built_1990_to_1999,1968
39023,built_1960_to_1969,1963
39025,built_1990_to_1999,1986
39027,built_1990_to_1999,1976
39029,built_1970_to_1979,1964
39031,built_1970_to_1979,1968
39033,built_1950_to_1959,1958
39035,built_1950_to_1959,1957
39037,built_1970_to_1979,1963
39039,built_1970_to_1979,1967
39041,built_2000_to_2009,1999
39043,built_1970_to_1979,1966
39045,built_1990_to_1999,1983
39047,built_1970_to_1979,1970
39049,built_1970_to_1979,1979
39051,built_1990_to_1999,1970
39053,built_1970_to_1979,1979
39055,built_1990_to_1999,1977
39057,built_1970_to_1979,1976
39059,built_1970_to_1979,1972
39061,built_1950_to_1959,1963
39063,built_1990_to_1999,1972
39065,built_1970_to_1979,1969
39067,built_1970_to_1979,1965
39069,built_1970_to_1979,1963
39071,built_1990_to_1999,1979
39073,built_1990_to_1999,1982
39075,built_2000_to_2009,1986
39077,built_1970_to_1979,1967
39079,built_1990_to_1999,1977
39081,built_1950_to_1959,1958
39083,built_1990_to_1999,1972
39085,built_1950_to_1959,1972
39087,built_1970_to_1979,1974
39089,built_2000_to_2009,1978
39091,built_1990_to_1999,1973
39093,built_1970_to_1979,1972
39095,built_1950_to_1959,1962
39097,built_1990_to_1999,1975
39099,built_1950_to_1959,1963
39101,built_1970_to_1979,1963
39103,built_1970_to_1979,1984
39105,built_1990_to_1999,1978
39107,built_1950_to_1959,1974
39109,built_1970_to_1979,1970
39111,built_1970_to_1979,1974
39113,built_1950_to_1959,1966
39115,built_1970_to_1979,1975
39117,built_2000_to_2009,1979
39119,built_1970_to_1979,1972
39121,built_2000_to_2009,1979
39123,built_1980_to_1989,1974
39125,built_1970_to_1979,1969
39127,built_1990_to_1999,1978
39129,built_2000_to_2009,1978
39131,built_1990_to_1999,1982
39133,built_1970_to_1979,1976
39135,built_1970_to_1979,1972
39137,built_1990_to_1999,1972
39139,built_1950_to_1959,1964
39141,built_1990_to_1999,1973
39143,built_1950_to_1959,1960
39145,built_1970_to_1979,1968
39147,built_1970_to_1979,1958
39149,built_1990_to_1999,1974
39151,built_1970_to_1979,1966
39153,built_1950_to_1959,1965
39155,built_1970_to_1979,1964
39157,built_1970_to_1979,1970
39159,built_2000_to_2009,1995
39161,built_1950_to_1959,1960
39163,built_1990_to_1999,1982
39165,built_1990_to_1999,1994
39167,built_1970_to_1979,1973
39169,built_1970_to_1979,1975
39171,built_1990_to_1999,1966
39173,built_1970_to_1979,1978
39175,built_1970_to_1979,1962
40001,built_1970_to_1979,1982
40003,built_1960_to_1969,1960
40005,built_1970_to_1979,1984
40007,built_1980_to_1989,1967
40009,built_1970_to_1979,1981
40011,built_1970_to_1979,1972
40013,built_1970_to_1979,1988
40015,built_1970_to_1979,1972
40017,built_2010_to_2019,1997
40019,built_1970_to_1979,1977
40021,built_1970_to_1979,1988
40023,built_1970_to_1979,1981
40025,built_1960_to_1969,1960
40027,built_2000_to_2009,1990
40029,built_1970_to_1979,1976
40031,built_1970_to_1979,1977
40033,built_1970_to_1979,1970
40035,built_1970_to_1979,1975
40037,built_1970_to_1979,1984
40039,built_1970_to_1979,1977
40041,built_1970_to_1979,1987
40043,built_1970_to_1979,1973
40045,built_1970_to_1979,1968
40047,built_1970_to_1979,1971
40049,built_1970_to_1979,1973
40051,built_1970_to_1979,1981
40053,built_1970_to_1979,1967
40055,built_1960_to_1969,1964
40057,built_1960_to_1969,1965
40059,built_1960_to_1969,1965
40061,built_1970_to_1979,1982
40063,built_1970_to_1979,1972
40065,built_1970_to_1979,1973
40067,built_1970_to_1979,1971
40069,built_2000_to_2009,1983
40071,built_1950_to_1959,1964
40073,built_1970_to_1979,1977
40075,built_1950_to_1959,1960
40077,built_1980_to_1989,1984
40079,built_1970_to_1979,1983
40081,built_1970_to_1979,1985
40083,built_2000_to_2009,1992
40085,built_1970_to_1979,1982
40087,built_2000_to_2009,1996
40089,built_1970_to_1979,1982
40091,built_1970_to_1979,1983
40093,built_1970_to_1979,1975
40095,built_1970_to_1979,1985
40097,built_1970_to_1979,1981
40099,built_1970_to_1979,1980
40101,built_1970_to_1979,1977
40103,built_1970_to_1979,1975
40105,built_1970_to_1979,1976
40107,built_1970_to_1979,1978
40109,built_1970_to_1979,1977
40111,built_1970_to_1979,1977
40113,built_1970_to_1979,1980
40115,built_1970_to_1979,1974
40117,built_1970_to_1979,1977
40119,built_1970_to_1979,1983
40121,built_1970_to_1979,1978
40123,built_1970_to_1979,1977
40125,built_1970_to_1979,1979
40127,built_1970_to_1979,1981
40129,built_1970_to_1979,1971
40131,built_2000_to_2009,1992
40133,built_1970_to_1979,1976
40135,built_1970_to_1979,1985
40137,built_1970_to_1979,1975
40139,built_1970_to_1979,1975
40141,built_1960_to_1969,1963
40143,built_1970_to_1979,1979
40145,built_2000_to_2009,1994
40147,built_1950_to_1959,1971
40149,built_1950_to_1959,1963
40151,built_1970_to_1979,1961
40153,built_1970_to_1979,1977
41001,built_1970_to_1979,1967
41003,built_1970_to_1979,1979
41005,built_1970_to_1979,1985
41007,built_1970_to_1979,1975
41009,built_1990_to_1999,1981
41011,built_1970_to_1979,1973
41013,built_2000_to_2009,1994
41015,built_1970_to_1979,1982
41017,built_2000_to_2009,1997
41019,built_1970_to_1979,1976
41021,built_1950_to_1959,1958
41023,built_1970_to_1979,1972
41025,built_1990_to_1999,1974
41027,built_1970_to_1979,1981
41029,built_1970_to_1979,1984
41031,built_1990_to_1999,1990
41033,built_1970_to_1979,1981
41035,built_1970_to_1979,1975
41037,built_1970_to_1979,1972
41039,built_1970_to_1979,1977
41041,built_1970_to_1979,1981
41043,built_1970_to_1979,1978
41045,built_1970_to_1979,1974
41047,built_1970_to_1979,1979
41049,built_1970_to_1979,1980
41051,built_1970_to_1979,1971
41053,built_2000_to_2009,1989
41055,built_1970_to_1979,1956
41057,built_1990_to_1999,1981
41059,built_1970_to_1979,1978
41061,built_1970_to_1979,1972
41063,built_1990_to_1999,1974
41065,built_1970_to_1979,1972
41067,built_1990_to_1999,1990
41069,built_1990_to_1999,1975
41071,built_1990_to_1999,1989
42001,built_1990_to_1999,1980
42003,built_1950_to_1959,1957
42005,built_1970_to_1979,1960
42007,built_1950_to_1959,1958
42009,built_1970_to_1979,1971
42011,built_1970_to_1979,1968
42013,built_1970_to_1979,1957
42015,built_1970_to_1979,1968
42017,built_1970_to_1979,1975
42019,built_1990_to_1999,1979
42021,built_1950_to_1959,1956
42023,built_1950_to_1959,1959
42025,built_1980_to_1989,1972
42027,built_1970_to_1979,1980
42029,built_2000_to_2009,1983
42031,built_1970_to_1979,1966
42033,built_1970_to_1979,1969
42035,built_1970_to_1979,1968
42037,built_1970_to_1979,1969
42039,built_1970_to_1979,1966
42041,built_1970_to_1979,1977
42043,built_1970_to_1979,1970
42045,built_1950_to_1959,1957
42047,built_1950_to_1959,1961
42049,built_1970_to_1979,1963
42051,built_1970_to_1979,1958
42053,built_1970_to_1979,1971
42055,built_2000_to_2009,1978
42057,built_1970_to_1979,1975
42059,built_1970_to_1979,1960
42061,built_1970_to_1979,1972
42063,built_1970_to_1979,1969
42065,built_1970_to_1979,1962
42067,built_1970_to_1979,1974
42069,built_1970_to_1979,1955
42071,built_1980_to_1989,1977
42073,built_1950_to_1959,1957
42075,built_1970_to_1979,1971
42077,built_1970_to_1979,1968
42079,built_1970_to_1979,1959
42081,built_1970_to_1979,1963
42083,built_1950_to_1959,1952
42085,built_1950_to_1959,1963
42087,built_1970_to_1979,1960
42089,built_1980_to_1989,1984
42091,built_1950_to_1959,1970
42093,built_1970_to_1979,1975
42095,built_2000_to_2009,1970
42097,built_1970_to_1979,1955
42099,built_1970_to_1979,1977
42101,built_1950_to_1959,1949
42103,built_1980_to_1989,1985
42105,built_1970_to_1979,1969
42107,built_1970_to_1979,1944
42109,built_1970_to_1979,1973
42111,built_1970_to_1979,1963
42113,built_1970_to_1979,1972
42115,built_1980_to_1989,1975
42117,built_1970_to_1979,1971
42119,built_1970_to_1979,1973
42121,built_1970_to_1979,1959
42123,built_1970_to_1979,1961
42125,built_1970_to_1979,1965
42127,built_1980_to_1989,1980
42129,built_1950_to_1959,1964
42131,built_1970_to_1979,1973
42133,built_1990_to_1999,1976
44001,built_1950_to_1959,1959
44003,built_1950_to_1959,1966
44005,built_1980_to_1989,1963
44007,built_1950_to_1959,1956
44009,built_1980_to_1989,1976
45001,built_1990_to_1999,1979
45003,built_1990_to_1999,1988
45005,built_1990_to_1999,1981
45007,built_1990_to_1999,1987
45009,built_1990_to_1999,1977
45011,built_1980_to_1989,1984
45013,built_2000_to_2009,1997
45015,built_2010_to_2019,2000
45017,built_1990_to_1999,1989
45019,built_2010_to_2019,1991
45021,built_1970_to_1979,1982
45023,built_1990_to_1999,1978
45025,built_1990_to_1999,1986
45027,built_1990_to_1999,1989
45029,built_1990_to_1999,1988
45031,built_1980_to_1989,1983
45033,built_1990_to_1999,1984
45035,built_2000_to_2009,1999
45037,built_1980_to_1989,1988
45039,built_1990_to_1999,1982
45041,built_1990_to_1999,1985
45043,built_1990_to_1999,1991
45045,built_2000_to_2009,1992
45047,built_1970_to_1979,1976
45049,built_1990_to_1999,1986
45051,built_2000_to_2009,1998
45053,built_2000_to_2009,2002
45055,built_2000_to_2009,1991
45057,built_2010_to_2019,1998
45059,built_1990_to_1999,1984
45061,built_1980_to_1989,1982
45063,built_2000_to_2009,1992
45065,built_1990_to_1999,1982
45067,built_1990_to_1999,1983
45069,built_1990_to_1999,1978
45071,built_1990_to_1999,1981
45073,built_2000_to_2009,1990
45075,built_1990_to_1999,1982
45077,built_1990_to_1999,1989
45079,built_2000_to_2009,1989
45081,built_1990_to_1999,1987
45083,built_2000_to_2009,1989
45085,built_1980_to_1989,1987
45087,built_1970_to_1979,1973
45089,built_1980_to_1989,1985
45091,built_2000_to_2009,1999
46003,built_1970_to_1979,1959
46005,built_1970_to_1979,1964
46007,built_1970_to_1979,1972
46009,built_1970_to_1979,1957
46011,built_2010_to_2019,1983
46013,built_1970_to_1979,1974
46015,built_1970_to_1979,1972
46017,built_1970_to_1979,1976
46019,built_2000_to_2009,1981
46021,built_1950_to_1959,1955
46023,built_1970_to_1979,1969
46025,built_1970_to_1979,1959
46027,built_2010_to_2019,1976
46029,built_1970_to_1979,1979
46031,built_1970_to_1979,1973
46033,built_2000_to_2009,1990
46035,built_1970_to_1979,1971
46037,built_1970_to_1979,1964
46039,built_1970_to_1979,1967
46041,built_1970_to_1979,1977
46043,built_1970_to_1979,1957
46045,built_1950_to_1959,1966
46047,built_1970_to_1979,1971
46049,built_1970_to_1979,1960
46051,built_1970_to_1979,1974
46053,built_1970_to_1979,1960
46055,built_1950_to_1959,1971
46057,built_2000_to_2009,1970
46059,built_1970_to_1979,1962
46061,built_2000_to_2009,1958
46063,built_1970_to_1979,1970
46065,built_1970_to_1979,1978
46067,built_1970_to_1979,1959
46069,built_1970_to_1979,1958
46071,built_1970_to_1979,1977
46073,built_1970_to_1979,1955
46075,built_1970_to_1979,1971
46077,built_2000_to_2009,1967
46079,built_1990_to_1999,1976
46081,built_2000_to_2009,1984
46083,built_2010_to_2019,2004
46085,built_1970_to_1979,1974
46087,built_2000_to_2009,1965
46089,built_1960_to_1969,1958
46091,built_1970_to_1979,1969
46093,built_2000_to_2009,1989
46095,built_1970_to_1979,1972
46097,built_1960_to_1969,1954
46099,built_2000_to_2009,1986
46101,built_1980_to_1989,1968
46102,built_1990_to_1999,1987
46103,built_1970_to_1979,1982
46105,built_1970_to_1979,1963
46107,built_1970_to_1979,1972
46109,built_1970_to_1979,1973
46111,built_1970_to_1979,1952
46115,built_1970_to_1979,1953
46117,built_1990_to_1999,1993
46119,built_1970_to_1979,1975
46121,built_1970_to_1979,1979
46123,built_1970_to_1979,1963
46125,built_1970_to_1979,1963
46127,built_2000_to_2009,1992
46129,built_1960_to_1969,1966
46135,built_1970_to_1979,1976
46137,built_1990_to_1999,1987
47001,built_1940_to_1949,1977
47003,built_2000_to_2009,1990
47005,built_1990_to_1999,1983
47007,built_1990_to_1999,1993
47009,built_2000_to_2009,1988
47011,built_1990_to_1999,1985
47013,built_1990_to_1999,1984
47015,built_1990_to_1999,1989
47017,built_1970_to_1979,1977
47019,built_1990_to_1999,1977
47021,built_1990_to_1999,1991
47023,built_1990_to_1999,1989
47025,built_1970_to_1979,1987
47027,built_1970_to_1979,1982
47029,built_1990_to_1999,1987
47031,built_1990_to_1999,1986
47033,built_1970_to_1979,1979
47035,built_2000_to_2009,1993
47037,built_2010_to_2019,1985
47039,built_1990_to_1999,1982
47041,built_1970_to_1979,1984
47043,built_1990_to_1999,1987
47045,built_1970_to_1979,1977
47047,built_2000_to_2009,1997
47049,built_1990_to_1999,1988
47051,built_1990_to_1999,1984
47053,built_1970_to_1979,1976
47055,built_1970_to_1979,1980
47057,built_1990_to_1999,1992
47059,built_1970_to_1979,1983
47061,built_1970_to_1979,1984
47063,built_1970_to_1979,1980
47065,built_1970_to_1979,1980
47067,built_1970_to_1979,1982
47069,built_1980_to_1989,1982
47071,built_1990_to_1999,1985
47073,built_1990_to_1999,1984
47075,built_1970_to_1979,1977
47077,built_1990_to_1999,1987
47079,built_1990_to_1999,1983
47081,built_1990_to_1999,1988
47083,built_1990_to_1999,1981
47085,built_1970_to_1979,1978
47087,built_1990_to_1999,1987
47089,built_1990_to_1999,1990
47091,built_1970_to_1979,1980
47093,built_1990_to_1999,1985
47095,built_1980_to_1989,1974
47097,built_1990_to_1999,1981
47099,built_1990_to_1999,1981
47101,built_1990_to_1999,1990
47103,built_2000_to_2009,1986
47105,built_2000_to_2009,1991
47107,built_2000_to_2009,1983
47109,built_1970_to_1979,1983
47111,built_1990_to_1999,1990
47113,built_1990_to_1999,1985
47115,built_1980_to_1989,1985
47117,built_1990_to_1999,1991
47119,built_2010_to_2019,1993
47121,built_1990_to_1999,1993
47123,built_2000_to_2009,1991
47125,built_2000_to_2009,1997
47127,built_1990_to_1999,1990
47129,built_1990_to_1999,1986
47131,built_1960_to_1969,1975
47133,built_1970_to_1979,1982
47135,built_1990_to_1999,1987
47137,built_2000_to_2009,1992
47139,built_1990_to_1999,1991
47141,built_1990_to_1999,1990
47143,built_2000_to_2009,1991
47145,built_1970_to_1979,1979
47147,built_2000_to_2009,1993
47149,built_2000_to_2009,2000
47151,built_2000_to_2009,1987
47153,built_2000_to_2009,1993
47155,built_2000_to_2009,1995
47157,built_1970_to_1979,1977
47159,built_1990_to_1999,1985
47161,built_1990_to_1999,1989
47163,built_1970_to_1979,1976
47165,built_2010_to_2019,1994
47167,built_1990_to_1999,1992
47169,built_1980_to_1989,1987
47171,built_1970_to_1979,1976
47173,built_2000_to_2009,1993
47175,built_1970_to_1979,1979
47177,built_1970_to_1979,1978
47179,built_2000_to_2009,1986
47181,built_1970_to_1979,1981
47183,built_1970_to_1979,1978
47185,built_1990_to_1999,1985
47187,built_2010_to_2019,2001
47189,built_2010_to_2019,1998
48001,built_1980_to_1989,1984
48003,built_1950_to_1959,1981
48005,built_1980_to_1989,1985
48007,built_2010_to_2019,1994
48009,built_1980_to_1989,1979
48011,built_1950_to_1959,1964
48013,built_1990_to_1999,1993
48015,built_2000_to_2009,1991
48017,built_1960_to_1969,1969
48019,built_2000_to_2009,1996
48021,built_2010_to_2019,1996
48023,built_1960_to_1969,1966
48025,built_1970_to_1979,1976
48027,built_2000_to_2009,1995
48029,built_2000_to_2009,1989
48031,built_2000_to_2009,1997
48033,built_1950_to_1959,1970
48035,built_1980_to_1989,1978
48037,built_1990_to_1999,1985
48039,built_2000_to_2009,1995
48041,built_2010_to_2019,1996
48043,built_2000_to_2009,1981
48045,built_1970_to_1979,1964
48047,built_1950_to_1959,1970
48049,built_1970_to_1979,1977
48051,built_1990_to_1999,1990
48053,built_2000_to_2009,1995
48055,built_2000_to_2009,1988
48057,built_1950_to_1959,1977
48059,built_1970_to_1979,1976
48061,built_2000_to_2009,1992
48063,built_1970_to_1979,1984
48065,built_1950_to_1959,1959
48067,built_1970_to_1979,1980
48069,built_1950_to_1959,1966
48071,built_2000_to_2009,2001
48073,built_2000_to_2009,1987
48075,built_2000_to_2009,1971
48077,built_1970_to_1979,1977
48079,built_1950_to_1959,1969
48081,built_1980_to_1989,1976
48083,built_1950_to_1959,1967
48085,built_2010_to_2019,2002
48087,built_1960_to_1969,1961
48089,built_2000_to_2009,1983
48091,built_2010_to_2019,2003
48093,built_1980_to_1989,1977
48095,built_1980_to_1989,1972
48097,built_1970_to_1979,1984
48099,built_1970_to_1979,1987
48101,built_1950_to_1959,1958
48103,built_1950_to_1959,1976
48105,built_2010_to_2019,1974
48107,built_1950_to_1959,1965
48109,built_1960_to_1969,1974
48111,built_1970_to_1979,1976
48113,built_1980_to_1989,1982
48115,built_1960_to_1969,1965
48117,built_1960_to_1969,1969
48119,built_1980_to_1989,1980
48121,built_2010_to_2019,2002
48123,built_1970_to_1979,1975
48125,built_1950_to_1959,1963
48127,built_1970_to_1979,1983
48129,built_1970_to_1979,1971
48131,built_1970_to_1979,1977
48133,built_1950_to_1959,1963
48135,built_1950_to_1959,1981
48137,built_1950_to_1959,1966
48139,built_2000_to_2009,2000
48141,built_2010_to_2019,1987
48143,built_2010_to_2019,1989
48145,built_1970_to_1979,1975
48147,built_2000_to_2009,1987
48149,built_2000_to_2009,1981
48151,built_1950_to_1959,1962
48153,built_1950_to_1959,1960
48155,built_1960_to_1969,1962
48157,built_2010_to_2019,2004
48159,built_1990_to_1999,1989
48161,built_2000_to_2009,1988
48163,built_1970_to_1979,1984
48165,built_1980_to_1989,1985
48167,built_2000_to_2009,1989
48169,built_1950_to_1959,1971
48171,built_2000_to_2009,1991
48173,built_1960_to_1969,1977
48175,built_1990_to_1999,1986
48177,built_2000_to_2009,1982
48179,built_1950_to_1959,1959
48181,built_1980_to_1989,1984
48183,built_1970_to_1979,1980
48185,built_2010_to_2019,1993
48187,built_2010_to_2019,2001
48189,built_1960_to_1969,1968
48191,built_1960_to_1969,1954
48193,built_1970_to_1979,1967
48195,built_1970_to_1979,1971
48197,built_1960_to_1969,1961
48199,built_2000_to_2009,1992
48201,built_2000_to_2009,1988
48203,built_2000_to_2009,1984
48205,built_1990_to_1999,1980
48207,built_1950_to_1959,1961
48209,built_2010_to_2019,2005
48211,built_1970_to_1979,1980
48213,built_1980_to_1989,1987
48215,built_2000_to_2009,1999
48217,built_1990_to_1999,1985
48219,built_1980_to_1989,1977
48221,built_2000_to_2009,1997
48223,built_1970_to_1979,1984
48225,built_1970_to_1979,1980
48227,built_1950_to_1959,1967
48229,built_1980_to_1989,1984
48231,built_1980_to_1989,1988
48233,built_1950_to_1959,1967
48235,built_1980_to_1989,1980
48237,built_1970_to_1979,1976
48239,built_1970_to_1979,1976
48241,built_1990_to_1999,1987
48243,built_2000_to_2009,1990
48245,built_1960_to_1969,1976
48247,built_1970_to_1979,1975
48249,built_1970_to_1979,1981
48251,built_2000_to_2009,1995
48253,built_1950_to_1959,1969
48255,built_1970_to_1979,1982
48257,built_2010_to_2019,2004
48259,built_2000_to_2009,2002
48261,built_1950_to_1959,1955
48263,built_1970_to_1979,1974
48265,built_1980_to_1989,1987
48267,built_1970_to_1979,1980
48269,built_2000_to_2009,1979
48271,built_1970_to_1979,1978
48273,built_1970_to_1979,1979
48275,built_1970_to_1979,1967
48277,built_1970_to_1979,1985
48279,built_1960_to_1969,1966
48281,built_2000_to_2009,1989
48283,built_1980_to_1989,1981
48285,built_1970_to_1979,1976
48287,built_2000_to_2009,1992
48289,built_2000_to_2009,1992
48291,built_1990_to_1999,1994
48293,built_1980_to_1989,1983
48295,built_1970_to_1979,1973
48297,built_1970_to_1979,1985
48299,built_2000_to_2009,1990
48301,built_1950_to_1959,1958
48303,built_1970_to_1979,1984
48305,built_1960_to_1969,1965
48307,built_1970_to_1979,1967
48309,built_1970_to_1979,1982
48311,built_2000_to_2009,1989
48313,built_1980_to_1989,1984
48315,built_1970_to_1979,1981
48317,built_1960_to_1969,1973
48319,built_2000_to_2009,1972
48321,built_1970_to_1979,1978
48323,built_2000_to_2009,1995
48325,built_2000_to_2009,1994
48327,built_1940_to_1949,1970
48329,built_2010_to_2019,1989
48331,built_1970_to_1979,1981
48333,built_1970_to_1979,1977
48335,built_1950_to_1959,1958
48337,built_1970_to_1979,1979
48339,built_2000_to_2009,2003
48341,built_1970_to_1979,1974
48343,built_1960_to_1969,1975
48345,built_1960_to_1969,1957
48347,built_1970_to_1979,1985
48349,built_1970_to_1979,1982
48351,built_2010_to_2019,1988
48353,built_1950_to_1959,1964
48355,built_1980_to_1989,1982
48357,built_1960_to_1969,1976
48359,built_1960_to_1969,1966
48361,built_1970_to_1979,1982
48363,built_1960_to_1969,1978
48365,built_1970_to_1979,1984
48367,built_2000_to_2009,2001
48369,built_1970_to_1979,1970
48371,built_1980_to_1989,1979
48373,built_1970_to_1979,1989
48375,built_1950_to_1959,1962
48377,built_1990_to_1999,1977
48379,built_2010_to_2019,1995
48381,built_2010_to_2019,1986
48383,built_1980_to_1989,1980
48385,built_2010_to_2019,1986
48387,built_1970_to_1979,1981
48389,built_1950_to_1959,1969
48391,built_1960_to_1969,1971
48393,built_1990_to_1999,1966
48395,built_1970_to_1979,1982
48397,built_2000_to_2009,2005
48399,built_1950_to_1959,1958
48401,built_1970_to_1979,1980
48403,built_1990_to_1999,1990
48405,built_1990_to_1999,1985
48407,built_2000_to_2009,1992
48409,built_1970_to_1979,1981
48411,built_1980_to_1989,1976
48413,built_1950_to_1959,1973
48415,built_1950_to_1959,1968
48417,built_2000_to_2009,1974
48419,built_1970_to_1979,1983
48421,built_1950_to_1959,1963
48423,built_2000_to_2009,1986
48425,built_2000_to_2009,1996
48427,built_1990_to_1999,1993
48429,built_1970_to_1979,1974
48431,built_1980_to_1989,1985
48433,built_1970_to_1979,1967
48435,built_1980_to_1989,1974
48437,built_1950_to_1959,1960
48439,built_2000_to_2009,1989
48441,built_1950_to_1959,1977
48443,built_1950_to_1959,1948
48445,built_1960_to_1969,1967
48447,built_1950_to_1959,1961
48449,built_1990_to_1999,1985
48451,built_1980_to_1989,1979
48453,built_2010_to_2019,1997
48455,built_1970_to_1979,1988
48457,built_1970_to_1979,1985
48459,built_1970_to_1979,1988
48461,built_1950_to_1959,1965
48463,built_1980_to_1989,1984
48465,built_1970_to_1979,1983
48467,built_2000_to_2009,1991
48469,built_1970_to_1979,1982
48471,built_1970_to_1979,1989
48473,built_2010_to_2019,1997
48475,built_1970_to_1979,1971
48477,built_2000_to_2009,1990
48479,built_2000_to_2009,1996
48481,built_1970_to_1979,1978
48483,built_1940_to_1949,1961
48485,built_1950_to_1959,1972
48487,built_1950_to_1959,1963
48489,built_1960_to_1969,1981
48491,built_2010_to_2019,2005
48493,built_2000_to_2009,1999
48495,built_1960_to_1969,1967
48497,built_2000_to_2009,1994
48499,built_1990_to_1999,1990
48501,built_1950_to_1959,1975
48503,built_1970_to_1979,1975
48505,built_1990_to_1999,1990
48507,built_1990_to_1999,1977
49001,built_1990_to_1999,1975
49003,built_2000_to_2009,1981
49005,built_2000_to_2009,1991
49007,built_1970_to_1979,1972
49009,built_1970_to_1979,1980
49011,built_2000_to_2009,1993
49013,built_1970_to_1979,1987
49015,built_1970_to_1979,1978
49017,built_1990_to_1999,1982
49019,built_1970_to_1979,1987
49021,built_1990_to_1999,1996
49023,built_2000_to_2009,1982
49025,built_2000_to_2009,1994
49027,built_1980_to_1989,1974
49029,built_2000_to_2009,1997
49031,built_2000_to_2009,1976
49033,built_2000_to_2009,1989
49035,built_1970_to_1979,1985
49037,built_1990_to_1999,1987
49039,built_2000_to_2009,1985
49041,built_1970_to_1979,1978
49043,built_2000_to_2009,1995
49045,built_2000_to_2009,1997
49047,built_2000_to_2009,1988
49049,built_2000_to_2009,1999
49051,built_2010_to_2019,2003
49053,built_2000_to_2009,2002
49055,built_1990_to_1999,1982
49057,built_2000_to_2009,1983
50001,built_1980_to_1989,1977
50003,built_1970_to_1979,1971
50005,built_1980_to_1989,1972
50007,built_1980_to_1989,1980
50009,built_2000_to_2009,1973
50011,built_1980_to_1989,1979
50013,built_1980_to_1989,1982
50015,built_1980_to_1989,1982
50017,built_1970_to_1979,1977
50019,built_1970_to_1979,1977
50021,built_1970_to_1979,1970
50023,built_1970_to_1979,1972
50025,built_1980_to_1989,1974
50027,built_1980_to_1989,1974
51001,built_2000_to_2009,1982
51003,built_1990_to_1999,1991
51005,built_1980_to_1989,1969
51007,built_2000_to_2009,1992
51009,built_1970_to_1979,1977
51011,built_1970_to_1979,1981
51013,built_2000_to_2009,1976
51015,built_1990_to_1999,1988
51017,built_2000_to_2009,1976
51019,built_1990_to_1999,1989
51021,built_1980_to_1989,1982
51023,built_1970_to_1979,1984
51025,built_1990_to_1999,1981
51027,built_1970_to_1979,1979
51029,built_1990_to_1999,1990
51031,built_1970_to_1979,1980
51033,built_2000_to_2009,1992
51035,built_1990_to_1999,1981
51036,built_1990_to_1999,1990
51037,built_1980_to_1989,1979
51041,built_1980_to_1989,1989
51043,built_2000_to_2009,1980
51045,built_1970_to_1979,1979
51047,built_2000_to_2009,1992
51049,built_1990_to_1999,1983
51051,built_1990_to_1999,1981
51053,built_2000_to_2009,1986
51057,built_2000_to_2009,1981
51059,built_1980_to_1989,1983
51061,built_1980_to_1989,1986
51063,built_1990_to_1999,1986
51065,built_1990_to_1999,1995
51067,built_1980_to_1989,1987
51069,built_2000_to_2009,1994
51071,built_1940_to_1949,1971
51073,built_1980_to_1989,1986
51075,built_2000_to_2009,1998
51077,built_1990_to_1999,1975
51079,built_1990_to_1999,1994
51081,built_1970_to_1979,1978
51083,built_1970_to_1979,1974
51085,built_1990_to_1999,1990
51087,built_1990_to_1999,1984
51089,built_1970_to_1979,1974
51091,built_2000_to_2009,1972
51093,built_1990_to_1999,1992
51095,built_2000_to_2009,1997
51097,built_2000_to_2009,1990
51099,built_2000_to_2009,1999
51101,built_2000_to_2009,1995
51103,built_1980_to_1989,1981
51105,built_1970_to_1979,1978
51107,built_2000_to_2009,2002
51109,built_1990_to_1999,1994
51111,built_1970_to_1979,1974
51113,built_1990_to_1999,1980
51115,built_1990_to_1999,1973
51117,built_1990_to_1999,1982
51119,built_1990_to_1999,1982
51121,built_1970_to_1979,1986
51125,built_1980_to_1989,1987
51127,built_2010_to_2019,1995
51131,built_2000_to_2009,1978
51133,built_2000_to_2009,1989
51135,built_1950_to_1959,1972
51137,built_2000_to_2009,1992
51139,built_1980_to_1989,1975
51141,built_1990_to_1999,1981
51143,built_1990_to_1999,1981
51145,built_2000_to_2009,1995
51147,built_1970_to_1979,1980
51149,built_2000_to_2009,1991
51153,built_2000_to_2009,1994
51155,built_1970_to_1979,1975
51157,built_1980_to_1989,1981
51159,built_1970_to_1979,1975
51161,built_1970_to_1979,1978
51163,built_1990_to_1999,1980
51165,built_2000_to_2009,1986
51167,built_1970_to_1979,1979
51169,built_1950_to_1959,1974
51171,built_2000_to_2009,1981
51173,built_1970_to_1979,1974
51175,built_1970_to_1979,1980
51177,built_2000_to_2009,1996
51179,built_2000_to_2009,1997
51181,built_1990_to_1999,1982
51183,built_1970_to_1979,1979
51185,built_1970_to_1979,1974
51187,built_1990_to_1999,1985
51191,built_1970_to_1979,1981
51193,built_2000_to_2009,1983
51195,built_1970_to_1979,1979
51197,built_1970_to_1979,1978
51199,built_1990_to_1999,1992
51510,built_1970_to_1979,1974
51520,built_1960_to_1969,1966
51530,built_1950_to_1959,1972
51540,built_1950_to_1959,1967
51550,built_1980_to_1989,1989
51570,built_1970_to_1979,1970
51580,built_1950_to_1959,1949
51590,built_1950_to_1959,1961
51595,built_1950_to_1959,1963
51600,built_1960_to_1969,1967
51610,built_2000_to_2009,1971
51620,built_1950_to_1959,1966
51630,built_2010_to_2019,1986
51640,built_1970_to_1979,1968
51650,built_1960_to_1969,1974
51660,built_2000_to_2009,1987
51670,built_1970_to_1979,1970
51678,built_1960_to_1969,1957
51680,built_1970_to_1979,1970
51683,built_1980_to_1989,1985
51685,built_2000_to_2009,1997
51690,built_1950_to_1959,1959
51700,built_1980_to_1989,1979
51710,built_1950_to_1959,1964
51720,built_1970_to_1979,1974
51730,built_1970_to_1979,1969
51735,built_1970_to_1979,1977
51740,built_1950_to_1959,1966
51750,built_1980_to_1989,1976
51760,built_1950_to_1959,1959
51770,built_1950_to_1959,1959
51775,built_1970_to_1979,1971
51790,built_1960_to_1969,1963
51800,built_2000_to_2009,1994
51810,built_1980_to_1989,1984
51820,built_1960_to_1969,1969
51830,built_2000_to_2009,1987
51840,built_1970_to_1979,1968
53001,built_1970_to_1979,1976
53003,built_1970_to_1979,1977
53005,built_1970_to_1979,1987
53007,built_2000_to_2009,1982
53009,built_1970_to_1979,1982
53011,built_1990_to_1999,1993
53013,built_1940_to_1949,1948
53015,built_1970_to_1979,1975
53017,built_2000_to_2009,1984
53019,built_1970_to_1979,1986
53021,built_2000_to_2009,1997
53023,built_1950_to_1959,1953
53025,built_2000_to_2009,1987
53027,built_1970_to_1979,1974
53029,built_1990_to_1999,1990
53031,built_1990_to_1999,1987
53033,built_1980_to_1989,1983
53035,built_1990_to_1999,1986
53037,built_2000_to_2009,1991
53039,built_2000_to_2009,1983
53041,built_1990_to_1999,1979
53043,built_1970_to_1979,1972
53045,built_1990_to_1999,1988
53047,built_1990_to_1999,1982
53049,built_1990_to_1999,1977
53051,built_2000_to_2009,1984
53053,built_2000_to_2009,1985
53055,built_2000_to_2009,1988
53057,built_1990_to_1999,1985
53059,built_1970_to_1979,1984
53061,built_1990_to_1999,1989
53063,built_1970_to_1979,1978
53065,built_1970_to_1979,1985
53067,built_2000_to_2009,1991
53069,built_1990_to_1999,1979
53071,built_1970_to_1979,1973
53073,built_2000_to_2009,1988
53075,built_1970_to_1979,1978
53077,built_1970_to_1979,1976
54001,built_1970_to_1979,1975
54003,built_2000_to_2009,1995
54005,built_1970_to_1979,1975
54007,built_1970_to_1979,1977
54009,built_1970_to_1979,1965
54011,built_1970_to_1979,1969
54013,built_1990_to_1999,1974
54015,built_1980_to_1989,1983
54017,built_1990_to_1999,1973
54019,built_1970_to_1979,1972
54021,built_1980_to_1989,1974
54023,built_1980_to_1989,1980
54025,built_1970_to_1979,1977
54027,built_1990_to_1999,1987
54029,built_1950_to_1959,1959
54031,built_2000_to_2009,1984
54033,built_1950_to_1959,1963
54035,built_1970_to_1979,1982
54037,built_2000_to_2009,1990
54039,built_1950_to_1959,1966
54041,built_1970_to_1979,1977
54043,built_1990_to_1999,1983
54045,built_1980_to_1989,1981
54047,built_1970_to_1979,1959
54049,built_1970_to_1979,1960
54051,built_1970_to_1979,1960
54053,built_2000_to_2009,1976
54055,built_1970_to_1979,1974
54057,built_1970_to_1979,1976
54059,built_1970_to_1979,1982
54061,built_2000_to_2009,1988
54063,built_1970_to_1979,1978
54065,built_1990_to_1999,1984
54067,built_1970_to_1979,1980
54069,built_1950_to_1959,1957
54071,built_1980_to_1989,1978
54073,built_1990_to_1999,1975
54075,built_1980_to_1989,1982
54077,built_1970_to_1979,1982
54079,built_1990_to_1999,1988
54081,built_1970_to_1979,1975
54083,built_1970_to_1979,1975
54085,built_1970_to_1979,1974
54087,built_1970_to_1979,1977
54089,built_1970_to_1979,1974
54091,built_1990_to_1999,1979
54093,built_1980_to_1989,1982
54095,built_1970_to_1979,1968
54097,built_1970_to_1979,1979
54099,built_1970_to_1979,1975
54101,built_1980_to_1989,1974
54103,built_1960_to_1969,1963
54105,built_1990_to_1999,1986
54107,built_1970_to_1979,1969
54109,built_1970_to_1979,1975
55001,built_1970_to_1979,1983
55003,built_1970_to_1979,1972
55005,built_1970_to_1979,1976
55007,built_2000_to_2009,1981
55009,built_1970_to_1979,1980
55011,built_1970_to_1979,1970
55013,built_2000_to_2009,1983
55015,built_2000_to_2009,1986
55017,built_1970_to_1979,1978
55019,built_1970_to_1979,1971
55021,built_2000_to_2009,1976
55023,built_1970_to_1979,1977
55025,built_2000_to_2009,1985
55027,built_1990_to_1999,1970
55029,built_2000_to_2009,1982
55031,built_1970_to_1979,1970
55033,built_1990_to_1999,1982
55035,built_1970_to_1979,1977
55037,built_2000_to_2009,1979
55039,built_1970_to_1979,1971
55041,built_1970_to_1979,1980
55043,built_1970_to_1979,1973
55045,built_1970_to_1979,1971
55047,built_1970_to_1979,1971
55049,built_1990_to_1999,1975
55051,built_1970_to_1979,1973
55053,built_2000_to_2009,1978
55055,built_1990_to_1999,1974
55057,built_2000_to_2009,1980
55059,built_1990_to_1999,1975
55061,built_1970_to_1979,1970
55063,built_1970_to_1979,1978
55065,built_1970_to_1979,1964
55067,built_1970_to_1979,1972
55069,built_1990_to_1999,1975
55071,built_1970_to_1979,1963
55073,built_2000_to_2009,1977
55075,built_1970_to_1979,1975
55077,built_1970_to_1979,1977
55078,built_1980_to_1989,1986
55079,built_1950_to_1959,1956
55081,built_1990_to_1999,1980
55083,built_1990_to_1999,1981
55085,built_1990_to_1999,1981
55087,built_2000_to_2009,1979
55089,built_1970_to_1979,1977
55091,built_2000_to_2009,1970
55093,built_2000_to_2009,1980
55095,built_2000_to_2009,1980
55097,built_1970_to_1979,1979
55099,built_1970_to_1979,1975
55101,built_1950_to_1959,1968
55103,built_1970_to_1979,1970
55105,built_1970_to_1979,1970
55107,built_1970_to_1979,1976
55109,built_2000_to_2009,1993
55111,built_2000_to_2009,1982
55113,built_1990_to_1999,1985
55115,built_1970_to_1979,1975
55117,built_1970_to_1979,1969
55119,built_1970_to_1979,1977
55121,built_1970_to_1979,1976
55123,built_2000_to_2009,1974
55125,built_1970_to_1979,1980
55127,built_1990_to_1999,1977
55129,built_2000_to_2009,1982
55131,built_1990_to_1999,1984
55133,built_1990_to_1999,1981
55135,built_1990_to_1999,1975
55137,built_1970_to_1979,1977
55139,built_1970_to_1979,1975
55141,built_1970_to_1979,1973
56001,built_1970_to_1979,1977
56003,built_1970_to_1979,1967
56005,built_1970_to_1979,1989
56007,built_1970_to_1979,1973
56009,built_1970_to_1979,1978
56011,built_2000_to_2009,1987
56013,built_1970_to_1979,1978
56015,built_1970_to_1979,1972
56017,built_1970_to_1979,1973
56019,built_2000_to_2009,1985
56021,built_1970_to_1979,1980
56023,built_1990_to_1999,1988
56025,built_1970_to_1979,1977
56027,built_1980_to_1989,1955
56029,built_1970_to_1979,1983
56031,built_1970_to_1979,1976
56033,built_2000_to_2009,1981
56035,built_2000_to_2009,1984
56037,built_1970_to_1979,1980
56039,built_1990_to_1999,1989
56041,built_1980_to_1989,1984
56043,built_1970_to_1979,1972
56045,built_1990_to_1999,1976
72001,built_1970_to_1979,1980
72003,built_1970_to_1979,1978
72005,built_1980_to_1989,1982
72007,built_1970_to_1979,1979
72009,built_1970_to_1979,1982
72011,built_1970_to_1979,1978
72013,built_1970_to_1979,1978
72015,built_1970_to_1979,1977
72017,built_1990_to_1999,1987
72019,built_1980_to_1989,1985
72021,built_1960_to_1969,1972
72023,built_1970_to_1979,1986
72025,built_1970_to_1979,1980
72027,built_1970_to_1979,1985
72029,built_1990_to_1999,1985
72031,built_1960_to_1969,1971
72033,built_1970_to_1979,1974
72035,built_1970_to_1979,1979
72037,built_1990_to_1999,1987
72039,built_1990_to_1999,1985
72041,built_1990_to_1999,1989
72043,built_1970_to_1979,1984
72045,built_1970_to_1979,1979
72047,built_1970_to_1979,1979
72049,built_1990_to_1999,1995
72051,built_1970_to_1979,1985
72053,built_1970_to_1979,1978
72054,built_2000_to_2009,1987
72055,built_1980_to_1989,1981
72057,built_1970_to_1979,1979
72059,built_1970_to_1979,1976
72061,built_1960_to_1969,1980
72063,built_2000_to_2009,1992
72065,built_1980_to_1989,1988
72067,built_1970_to_1979,1977
72069,built_1970_to_1979,1983
72071,built_2000_to_2009,1984
72073,built_1970_to_1979,1984
72075,built_1990_to_1999,1986
72077,built_2000_to_2009,1989
72079,built_1980_to_1989,1982
72081,built_1980_to_1989,1984
72083,built_1990_to_1999,1981
72085,built_2000_to_2009,1991
72087,built_1980_to_1989,1985
72089,built_1970_to_1979,1979
72091,built_1970_to_1979,1975
72093,built_1970_to_1979,1979
72095,built_1990_to_1999,1986
72097,built_1960_to_1969,1968
72099,built_1970_to_1979,1985
72101,built_1990_to_1999,1986
72103,built_2000_to_2009,1984
72105,built_1980_to_1989,1980
72107,built_1970_to_1979,1982
72109,built_1990_to_1999,1989
72111,built_1980_to_1989,1983
72113,built_1970_to_1979,1976
72115,built_1980_to_1989,1983
72117,built_1970_to_1979,1979
72119,built_1970_to_1979,1984
72121,built_1980_to_1989,1984
72123,built_1970_to_1979,1982
72125,built_1970_to_1979,1977
72127,built_1960_to_1969,1967
72129,built_1980_to_1989,1986
72131,built_1970_to_1979,1982
72133,built_2000_to_2009,1989
72135,built_1990_to_1999,1989
72137,built_1970_to_1979,1976
72139,built_1970_to_1979,1981
72141,built_1980_to_1989,1982
72143,built_2000_to_2009,1986
72145,built_1970_to_1979,1978
72147,built_1980_to_1989,1985
72149,built_1990_to_1999,1987
72151,built_1970_to_1979,1984
72153,built_1970_to_1979,1981
